brand,j_type,rating_no_clean,rating,review_no_clean,review_num,price_no_clean,price
GUESS,Women's Necklace UBN29069  ,,,,,SAR 112.17,112.17
GUESS,3 Piece Tension Id Bangle Bracelet  ,4.2 out of 5 stars,4.2,232,232,SAR 110.80,110.8
GUESS,95364-21  ,4.3 out of 5 stars,4.3,191,191,SAR 68.04,68.04
GUESS,Ladies Bracelet UBB20099-L  ,,,,,SAR 127.00,127
Swarovski,Sparkling Dance Dial Up Ring  ,,,,,SAR 161.93,161.93
Swarovski,Crystal Facet White Swan Rose Gold-Plated Earrings  ,4.8 out of 5 stars,4.8,6,6,SAR 261.40,261.4
GUESS,5 Piece Mixed Chain Every Day Bracelet Set with Glass Stones  ,,,,,SAR 130.06,130.06
GUESS,Jewellery Dream & Love Necklace UBN70048  ,,,,,SAR 103.00,103
Swarovski,COSMIC ROCK BANGLE MB JET/BLK/PBK  ,,,Only 2 left in stock - order soon.,2,"SAR 1,484.78",1484.78
GUESS,UBE70104 Earrings UBE70104  ,,,,,,
Swarovski,"Women's Lifelong Heart Crystal Jewelry Collection, Rose Gold Tone & Rhodium Finish  ",4.4 out of 5 stars,4.4,7,7,SAR 345.50,345.5
GUESS,11982-21  ,4.1 out of 5 stars,4.1,52,52,SAR 68.15,68.15
GUESS,Ladies Bracelet UBB70006-L  ,,,,,SAR 109.38,109.38
GUESS,Choker Heart Romance Ubn70072 Stainless Steel Balls Chain Swarovski Heart Rodiado  ,,,,,SAR 121.06,121.06
GUESS,Ladies Bracelet UBB70036-S  ,,,,,SAR 103.00,103
GUESS,Ladies Necklace UBN70038  ,,,,,SAR 136.74,136.74
GUESS,Ladies Bracelet UBB20029-L  ,,,,,SAR 100.00,100
Swarovski,"Women's Bella V Pierced Earrings, Pink, Rose-gold tone plated  ",4.7 out of 5 stars,4.7,771,771,SAR 235.30,235.3
Swarovski,"Women's Lifelong Bow Y Necklace, White, Mixed metal finish  ",4.5 out of 5 stars,4.5,267,267,SAR 428.83,428.83
GUESS,Duo Chain Necklace with pendans  ,5.0 out of 5 stars,5,4,4,SAR 132.63,132.63
GUESS,Ladies Earrings UBE70038  ,4.2 out of 5 stars,4.2,3,3,SAR 83.00,83
GUESS,Necklace A Star Is Born Ubn70063 Stainless Steel Rodiado Stars Swarovski Logo  ,,,,,SAR 139.22,139.22
GUESS,Womens Puffy Heart Toggle Necklace  ,4.0 out of 5 stars,4,132,132,SAR 84.73,84.73
GUESS,Ladies Earrings UBE20145  ,,,,,SAR 105.41,105.41
GUESS,"Arm Bracelet for Women, Stainless Steel - UBB21324N  ",5.0 out of 5 stars,5,1,1,SAR 158.00,158
GUESS,Narrow Hinge with Crystal Bangle Bracelet  ,4.1 out of 5 stars,4.1,809,809,SAR 80.57,80.57
GUESS,Women's Pave Heart with Logo Banner Pendant Toggle Necklace  ,4.5 out of 5 stars,4.5,446,446,SAR 102.21,102.21
Swarovski,"Women's Creativity Circle Jewelry Collection, Clear Crystals  ",4.6 out of 5 stars,4.6,"3,330",3330,SAR 285.22,285.22
GUESS,women's BRACELET UBB12241N  ,4.5 out of 5 stars,4.5,2,2,SAR 155.00,155
GUESS,Ladies Necklace UBN70057  ,,,,,SAR 88.68,88.68
GUESS,Ladies Bracelet UBB70071-L  ,,,,,SAR 88.53,88.53
Swarovski,"Women's Iconic Swan Jewelry Collection, Rose Gold Tone Finish, Black Crystals  ",4.6 out of 5 stars,4.6,822,822,SAR 334.51,334.51
Swarovski,"Women's Lifelong Bow Bangle, White, Mixed metal finish  ",4.6 out of 5 stars,4.6,353,353,SAR 535.00,535
GUESS,Ladies Bracelet UBB70006-S  ,,,,,SAR 110.05,110.05
GUESS,UBE78048 Earrings UBE78048  ,3.5 out of 5 stars,3.5,10,10,SAR 110.05,110.05
GUESS,Ladies Bracelet UBB70133-L  ,1.0 out of 5 stars,1,1,1,SAR 110.08,110.08
Swarovski,Women Gold Plated Earring - 5188424  ,4.3 out of 5 stars,4.3,2,2,SAR 250.30,250.3
Swarovski,"EarringS for Women, 5373164  ",4.6 out of 5 stars,4.6,16,16,SAR 297.00,297
Swarovski,Women's White Rhodium plated Bella V Pierced Earrings 5292855  ,4.7 out of 5 stars,4.7,758,758,SAR 235.31,235.31
GUESS,Women's Necklace UBN29045  ,3.5 out of 5 stars,3.5,2,2,SAR 152.78,152.78
GUESS,Women's Necklace UBN20103  ,,,,,SAR 183.14,183.14
GUESS,"""Basic"" G Logo Heart Link Bracelet  ",3.8 out of 5 stars,3.8,146,146,SAR 66.92,66.92
GUESS,Ladies Bracelet UBB70075-L  ,,,,,SAR 95.70,95.7
GUESS,Bracelet for Women - UBB21309N  ,5.0 out of 5 stars,5,1,1,SAR 164.22,164.22
GUESS,Ladies Bracelet UBB70070-L  ,,,,,SAR 110.05,110.05
Swarovski,"SWAROVSKI Women's Ginger Bangle Bracelet Jewelry Collection, Clear Crystals  ",4.5 out of 5 stars,4.5,350,350,SAR 365.08,365.08
GUESS,Bracelet for Women - UBB21219N  ,,,,,SAR 114.78,114.78
GUESS,Bracelet for Women - UBB31304N  ,5.0 out of 5 stars,5,3,3,SAR 148.00,148
GUESS,JEWELLERY DREAM & LOVE NECKLACE UBN70049  ,,,,,SAR 110.05,110.05
GUESS,Womens Pave Heart with Logo Banner Charm Toggle Bracelet  ,4.1 out of 5 stars,4.1,148,148,SAR 110.77,110.77
GUESS,"Pendant Necklaces for Women,Stainless Steel - UBN21203N  ",5.0 out of 5 stars,5,1,1,SAR 91.00,91
GUESS,"Womens Stainless Steel Fashion Bracelet - UBN28059, Color Silver, Size 7.87 inches  ",4.9 out of 5 stars,4.9,16,16,SAR 85.10,85.1
GUESS,"Necklace and Charm Heart Shaped Pendant Set For Women, Silver Plated, Red - UBS91010  ",5.0 out of 5 stars,5,3,3,SAR 140.09,140.09
GUESS,Basic Crystal Graffiti Heart Toggle Pendant Necklace  ,4.4 out of 5 stars,4.4,81,81,SAR 87.70,87.7
GUESS,Women's Bracelet UBB79095-L  ,5.0 out of 5 stars,5,1,1,SAR 112.17,112.17
GUESS,"Womens Metal Fashion Bracelet - UBB12112, Color Red, Size 18 cm  ",,,,,SAR 119.13,119.13
GUESS,Ladies Earrings UBE70039  ,,,,,SAR 103.00,103
GUESS,UBN70028 UBN70028 Necklace  ,,,,,SAR 157.00,157
GUESS,Ladies Bracelet UBB20020-L  ,,,,,SAR 106.27,106.27
GUESS,Ladies Earrings UBE20031  ,5.0 out of 5 stars,5,1,1,SAR 84.91,84.91
GUESS,"Womens Stainless Steel Fashion Bracelet - UBB29029-L, Color Gold, Size L  ",3.0 out of 5 stars,3,1,1,SAR 130.00,130
Swarovski,Women's Angelic Collection Bracelets  ,4.7 out of 5 stars,4.7,231,231,SAR 613.04,613.04
GUESS,Ladies Bracelet UBB70047-S  ,,,,,SAR 139.22,139.22
GUESS,Basic Logo Hoop Earrings  ,4.0 out of 5 stars,4,96,96,SAR 54.13,54.13
GUESS,Heart Earrings Romance Ube70172 Rose Gold Plated Stainless Steel Heart Swarovski Logo  ,,,,,SAR 110.05,110.05
Swarovski,"EarringS for Women, 5468914  ",4.9 out of 5 stars,4.9,11,11,,
Swarovski,"Infinity Mini Pierced Earrings, White, Rhodium plated  ",4.6 out of 5 stars,4.6,175,175,SAR 287.39,287.39
GUESS,Women's Necklace UBN20026  ,5.0 out of 5 stars,5,1,1,SAR 103.36,103.36
Swarovski,"NO Regrets Necklace, Multi-Colored, Gold Plating,5457664  ",4.5 out of 5 stars,4.5,2,2,SAR 394.67,394.67
Swarovski,Women's Attract Crystal Jewelry Collection  ,4.6 out of 5 stars,4.6,141,141,SAR 265.49,265.49
Swarovski,"Women's Dazzling Swan Jewelry Collection, Blue Crystals, Pink Crystals, Clear Crystals  ",4.6 out of 5 stars,4.6,263,263,SAR 406.86,406.86
Swarovski,Duo Evil Eye Bangle - 5171991  ,4.5 out of 5 stars,4.5,70,70,SAR 386.31,386.31
GUESS,Ladies Bracelet UBB70070-S  ,,,,,SAR 109.74,109.74
GUESS,Women's Bracelet UBB28119-L  ,,,,,SAR 137.39,137.39
Swarovski,Women's Twist Row Crystal Necklace Jewelry Collection  ,4.4 out of 5 stars,4.4,134,134,SAR 392.16,392.16
GUESS,Ladies Bracelet UBB20071-L  ,,,,,SAR 130.81,130.81
Swarovski,"Louison Necklace, Small, White  ",5.0 out of 5 stars,5,1,1,SAR 317.41,317.41
GUESS,Earrings For Women by Guess - UBE21205  ,5.0 out of 5 stars,5,1,1,SAR 90.23,90.23
GUESS,Love Ear Studs UBE28046  ,3.0 out of 5 stars,3,9,9,SAR 127.43,127.43
GUESS,UBE21543N Stud Earring For Women  ,5.0 out of 5 stars,5,2,2,SAR 65.28,65.28
Swarovski,"Iconic Swan Pierced Earring Jackets, Rose Gold  ",,,,,SAR 327.96,327.96
GUESS,UBN70029 UBN70029 Necklace  ,3.0 out of 5 stars,3,2,2,SAR 145.17,145.17
Swarovski,"Magic Ring Set White, Rose-gold tone plated  ",,,,,SAR 392.66,392.66
GUESS,Women's Six Piece Textured Bangle Set  ,4.3 out of 5 stars,4.3,659,659,SAR 100.56,100.56
Swarovski,"Power Collection Bracelet, Dark Gray  ",4.5 out of 5 stars,4.5,327,327,SAR 218.48,218.48
GUESS,"Neklace for Women, UBN71263N  ",5.0 out of 5 stars,5,2,2,SAR 100.00,100
Swarovski,"Women's Symbolic Star Hoop Pierced Earrings, White, Rose-gold tone plated  ",4.6 out of 5 stars,4.6,455,455,SAR 297.00,297
GUESS,"Bracelet Items Women's Slider Bracelet Duo, Rose Gold, One Size  ",3.5 out of 5 stars,3.5,3,3,SAR 91.82,91.82
GUESS,Womens Link Bracelet III  ,4.1 out of 5 stars,4.1,33,33,SAR 72.84,72.84
GUESS,Bracelet for Women - Guess Log - Silver - UBB11203  ,,,,,SAR 325.90,325.9
GUESS,Charm Slider Bracelet  ,2.5 out of 5 stars,2.5,3,3,SAR 90.85,90.85
GUESS,Women's Bracelet UBB28118-S  ,,,,,SAR 138.26,138.26
GUESS,Bracelet A Star Is Born Ubb70075-S Stainless Steel Curved Rodiado Stars Swarovski Logo  ,,,,,SAR 110.12,110.12
GUESS,Women Stud Earrings UBE28065  ,4.6 out of 5 stars,4.6,11,11,SAR 127.43,127.43
GUESS,4 Piece Mixed Bracelet Set  ,3.5 out of 5 stars,3.5,2,2,SAR 108.33,108.33
GUESS,Womens Double Row Round Bead and Fireball Slider Bracelet  ,4.2 out of 5 stars,4.2,253,253,SAR 83.16,83.16
Swarovski,"Slake Wrap Bracelet, Dark Green  ",4.8 out of 5 stars,4.8,22,22,SAR 221.87,221.87
GUESS,Women Stud Earrings UBE28008  ,4.4 out of 5 stars,4.4,24,24,SAR 127.43,127.43
GUESS,Jewellery Heart Warming Necklace UBN78067  ,4.6 out of 5 stars,4.6,6,6,SAR 158.90,158.9
Swarovski,"Women's Deluxe Rhodium Plated Rose Cut Crystals Tennis Bracelet , Blue/White Crystal  ",4.6 out of 5 stars,4.6,164,164,,
GUESS,Ladies Bracelet UBB70059-L  ,,,,,SAR 95.70,95.7
Swarovski,"Iconic Swan Pierced Earring Jackets, Silver  ",,,,,SAR 327.96,327.96
Swarovski,"Women's Lifelong Bracelet Collection, Rose-Gold Finish, Rhodium Finish  ",4.8 out of 5 stars,4.8,49,49,SAR 481.43,481.43
GUESS,"Womens Stainless Steel Swarovski Studded Necklace - UBN29094, Color Silver, Size 7.87 inches  ",,,,,SAR 185.22,185.22
GUESS,"Womens Stainless Steel Earring - UBE29074, Color Multicolor  ",3.5 out of 5 stars,3.5,3,3,SAR 128.04,128.04
GUESS,"Women's Metal Swarovski Wild At Heart Bracelet,Silver - UBB71206  ",,,,,SAR 327.76,327.76
GUESS,Earring for Women - UBE21202N  ,,,,,SAR 117.80,117.8
Swarovski,"Ring for Women Size 48, 5296473  ",4.5 out of 5 stars,4.5,4,4,SAR 356.04,356.04
GUESS,"""Basic"" Mixed Metal Crystal Trio Set Stud Earrings  ",3.9 out of 5 stars,3.9,15,15,SAR 75.76,75.76
GUESS,Necklace for Women - UBN71247N  ,5.0 out of 5 stars,5,1,1,,
GUESS,Set of Three Logo Studs  ,4.4 out of 5 stars,4.4,53,53,SAR 78.51,78.51
GUESS,82075504,4.1 out of 5 stars,4.1,9,9,SAR 70.03,70.03
Swarovski,"Lifelong Bow Bangle, White 5447079  ",3.8 out of 5 stars,3.8,9,9,SAR 369.24,369.24
GUESS,Ladies Bracelet UBB70007-L  ,,,,,SAR 110.05,110.05
GUESS,Jewellery Influencer Bangle UBB85095-L  ,5.0 out of 5 stars,5,1,1,SAR 143.76,143.76
GUESS,Metal Neck with Tassel Y-Shaped Necklace  ,5.0 out of 5 stars,5,1,1,SAR 99.21,99.21
Swarovski,"Symbolic Lotus Pendant, Green, Gold-tone plated  ",4.7 out of 5 stars,4.7,66,66,SAR 316.22,316.22
GUESS,Women's Necklace UBN79067  ,5.0 out of 5 stars,5,1,1,SAR 119.58,119.58
GUESS,86093842,3.9 out of 5 stars,3.9,33,33,SAR 83.35,83.35
GUESS,Bracelet Femmes UBB28075  ,,,,,SAR 166.95,166.95
Swarovski,"Ring for Women Size 20, 5061171  ",,,,,SAR 146.59,146.59
GUESS,Women's Necklace UBN20128  ,,,,,SAR 185.86,185.86
GUESS,Necklace Jewellery Collection - UBN79038 Cuore  ,5.0 out of 5 stars,5,1,1,SAR 134.99,134.99
GUESS,"Womens Stainless Steel Fashion Bracelet - UBN78075, Color Multicolor, Size 84 cm  ",,,,,SAR 154.78,154.78
Swarovski,Ego Rhodium Plated Crystal Fashion Ring - Size 18.15 mm  ,,,,,SAR 823.61,823.61
Swarovski,"Women's Stone Hoop Pierced Earrings, White, Rhodium plated  ",4.5 out of 5 stars,4.5,396,396,SAR 386.96,386.96
GUESS,Earring for Women - UBE21509N  ,,,,,SAR 73.95,73.95
GUESS,"Pendant Necklaces for Women,Stainless Steel - UBN31218N  ",5.0 out of 5 stars,5,1,1,SAR 156.31,156.31
GUESS,women's EARRING UBE71541N  ,2.9 out of 5 stars,2.9,2,2,SAR 98.90,98.9
Swarovski,"Women's Symbolic Moon Necklace Set, Multi-colored, Mixed metal finish  ",4.4 out of 5 stars,4.4,109,109,SAR 452.84,452.84
Swarovski,"Power Collection Bracelet, Green  ",4.5 out of 5 stars,4.5,175,175,SAR 309.00,309
GUESS,Women Stainless-Steel Zircon-Gemstone Bracelet  ,5.0 out of 5 stars,5,1,1,SAR 286.48,286.48
Swarovski,5451263 Gold Lucky Goddess Charms Women's Necklace  ,,,,,SAR 870.69,870.69
GUESS,"Pendant Necklaces for Women,Stainless Steel - UBN31304N  ",4.5 out of 5 stars,4.5,2,2,SAR 225.00,225
Swarovski,Crystal Lifelong Medium Bow Ring White Mixed Plated  ,2.6 out of 5 stars,2.6,2,2,SAR 304.54,304.54
Swarovski,Women's Leather Look Crystal Power Bracelet Collection  ,4.4 out of 5 stars,4.4,437,437,,
Swarovski,Crystal Two-Tone Small Bow Necklace  ,4.6 out of 5 stars,4.6,6,6,SAR 395.50,395.5
GUESS,Toggle Chain Bracelet with Logo Heart Link Charm Bracelet  ,3.9 out of 5 stars,3.9,18,18,SAR 81.55,81.55
GUESS,Enamel Silver Hoop Earrings  ,4.6 out of 5 stars,4.6,41,41,SAR 82.18,82.18
GUESS,Anyone's Guess Multi Linked Hoop Earrings  ,4.0 out of 5 stars,4,10,10,SAR 83.72,83.72
GUESS,HEART JEWELLERY GUESS IS FOR LOVERS UBN70026  ,5.0 out of 5 stars,5,1,1,SAR 139.22,139.22
GUESS,Bracelet Golden Hour Ubb70141-S Open Stainless Steel Rhodium Plated 4 G Logo Engraved  ,5.0 out of 5 stars,5,1,1,SAR 165.64,165.64
GUESS,UBS21504N-L Bracelet For Women  ,1.0 out of 5 stars,1,1,1,SAR 124.00,124
Swarovski,Women No Metal Wrap Bracelet - 5511698  ,4.4 out of 5 stars,4.4,160,160,SAR 251.25,251.25
GUESS,Long Layered Necklace with Stones  ,,,,,SAR 119.58,119.58
Swarovski,Women's Power Elements Crystal Cord Bracelet Collection  ,4.3 out of 5 stars,4.3,132,132,SAR 279.63,279.63
GUESS,Women's Necklace UBN20127  ,,,,,SAR 176.59,176.59
GUESS,SPECIAL GIFT BOX bracelet and earrings UBS10804  ,1.0 out of 5 stars,1,1,1,SAR 130.01,130.01
GUESS,UBE21542N Stud Earring For Women  ,,,,,SAR 92.96,92.96
Swarovski,Iconic Swan Pendant Small Necklace Multi One Size  ,4.6 out of 5 stars,4.6,33,33,SAR 347.71,347.71
Swarovski,Swarovski Iconic Swan Pendant  ,4.6 out of 5 stars,4.6,314,314,SAR 281.43,281.43
GUESS,Women's Necklace UBN20060  ,,,,,SAR 180.34,180.34
GUESS,hoop earring with heart charm  ,,,,,SAR 110.77,110.77
Swarovski,"Sunny Hoop Pierced Earrings, Light multi-colored, Rhodium plated  ",4.5 out of 5 stars,4.5,91,91,SAR 386.96,386.96
GUESS,UBB84005-L Brass Dream Bracelet for Women  ,,,,,SAR 135.20,135.2
Swarovski,Women's Rhodium Plated Necklace - 5237054  ,,,,,SAR 546.12,546.12
GUESS,Women's Earrings UBE79099  ,4.3 out of 5 stars,4.3,20,20,SAR 127.43,127.43
GUESS,"Arm Bracelet for Women, Stainless Steel - UBB71245N  ",,,,,SAR 105.57,105.57
GUESS,UBB21323 Alloy Color Chic Bracelet for Women  ,,,,,SAR 178.35,178.35
GUESS,Womens Hoop With Stones Earring  ,4.1 out of 5 stars,4.1,26,26,SAR 74.19,74.19
GUESS,Women Chain Necklace UBN28011  ,4.7 out of 5 stars,4.7,16,16,SAR 203.86,203.86
GUESS,210455-21  ,4.2 out of 5 stars,4.2,239,239,SAR 104.95,104.95
Swarovski,"Women's Rose Gold Plated Metal Crystal Chain Necklace - 5345169, Rose Gold/Dark Gray  ",5.0 out of 5 stars,5,1,1,SAR 527.63,527.63
Swarovski,Iconic Swan Pendant Necklace  ,4.7 out of 5 stars,4.7,62,62,SAR 329.63,329.63
GUESS,"Womens Resin Fashion Bracelet - UBB51495N, Color Silver, Size One Size  ",,,,,,
Swarovski,Women's Ginger Rose-Gold Tone Finish Necklace & Earrings Clear Crystal Jewelry Collection  ,4.6 out of 5 stars,4.6,144,144,SAR 293.40,293.4
GUESS,Womens Triple Rolling Clutchless Hoop Earrings  ,3.7 out of 5 stars,3.7,5,5,SAR 83.87,83.87
GUESS,"Metal Hoops Women's Bamboo Hoop Earrings, Gold, One Size  ",3.9 out of 5 stars,3.9,708,708,SAR 76.26,76.26
GUESS,Hoop with Stones  ,4.2 out of 5 stars,4.2,41,41,SAR 71.91,71.91
Swarovski,"EarringS for Women, 5431895  ",4.6 out of 5 stars,4.6,116,116,SAR 235.57,235.57
GUESS,Women's Necklace UBN79146  ,,,,,SAR 134.74,134.74
Swarovski,Carrier Necklace  ,,,,,SAR 173.93,173.93
GUESS,Women's Necklace UBN78074  ,,,,,SAR 128.94,128.94
Swarovski,"EarringS for Women, 5459591  ",4.5 out of 5 stars,4.5,22,22,,
GUESS,Bracelet for Women - UBB71244N  ,,,,,SAR 134.90,134.9
GUESS,Women Stud Earrings UBE28074  ,3.6 out of 5 stars,3.6,3,3,SAR 68.02,68.02
GUESS,Slider Close Link Bracelet with Pave Heart Charm  ,2.9 out of 5 stars,2.9,2,2,SAR 89.53,89.53
GUESS,9 ON MIXED EAR SET  ,5.0 out of 5 stars,5,1,1,SAR 119.32,119.32
GUESS,"Womens Resin Fashion Bracelet - UBB51415N, Color Gold, Size One Size  ",,,,,,
Swarovski,Cube Gold Plated Crystal Band Ring - Size 18.15 mm  ,5.0 out of 5 stars,5,1,1,SAR 663.48,663.48
Swarovski,Women's White Rose-gold tone plated Creativity Circle Pendant 5202446  ,4.6 out of 5 stars,4.6,592,592,,
GUESS,"Women's Earrings Set with Stones, Silver, One Size  ",,,,,SAR 101.09,101.09
GUESS,Women's Bracelet UBB78095-L  ,,,,,SAR 128.00,128
GUESS,Women Stud Earrings UBE28080  ,,,,,SAR 81.74,81.74
GUESS,Women's Necklace UBN29131  ,,,,,SAR 115.16,115.16
GUESS,Women Jewelery Stainless Steel Core Collection - UBB11441  ,,,,,SAR 370.08,370.08
GUESS,Bracelet for Women - Multi Color - UBB21308N  ,3.0 out of 5 stars,3,1,1,SAR 103.46,103.46
GUESS,Women's Necklace UBN79159  ,5.0 out of 5 stars,5,2,2,SAR 131.31,131.31
Swarovski,Swarovski Women's Swan Crystal Bracelet and Necklace Jewelry Collection  ,4.6 out of 5 stars,4.6,76,76,,
GUESS,y Necklace with Stones  ,5.0 out of 5 stars,5,2,2,SAR 109.72,109.72
GUESS,Slider Close Link Bracelet with Pave Heart Charm  ,,,,,SAR 88.45,88.45
GUESS,Women's Duo Tension Bangle Set with Heart and Arrow  ,4.4 out of 5 stars,4.4,53,53,SAR 102.10,102.1
GUESS,Necklace for Women - UBN71270N  ,4.0 out of 5 stars,4,1,1,SAR 140.00,140
GUESS,Earrings Stainless Steel Heart Romance Ube70170 Heart Rodiado Swarovski Logo  ,2.0 out of 5 stars,2,1,1,SAR 103.00,103
Swarovski,Stardust Purple Double Bracelet 5102548  ,4.3 out of 5 stars,4.3,8,8,SAR 222.39,222.39
Swarovski,"Women's Lifelong Bow Jewelry Collection, Clear Crystals  ",4.5 out of 5 stars,4.5,137,137,,
GUESS,"Neklace for Women, UBN71294N  ",5.0 out of 5 stars,5,1,1,SAR 239.70,239.7
Swarovski,Women's Rhodium Plated Necklace - 5181467  ,,,,,SAR 456.76,456.76
GUESS,"Pendant Necklaces for Women,Stainless Steel - UBN51428N  ",5.0 out of 5 stars,5,1,1,SAR 530.00,530
GUESS,"Womens Stainless Steel Fashion Necklace - UBN29095, Color Multicolor, Size 45.0 cm  ",,,,,SAR 132.94,132.94
GUESS,Women's Necklace UBN29071  ,5.0 out of 5 stars,5,1,1,SAR 141.00,141
GUESS,Bracelet for Women - UBB21318N-L  ,,,,,SAR 153.68,153.68
GUESS,Women's Necklace UBN79070  ,,,,,SAR 109.79,109.79
Swarovski,"Women's Sparkling Dance Round Jewelry Collection, Rhodium Finish, Blue Crystals, Clear Crystals  ",4.5 out of 5 stars,4.5,155,155,SAR 403.53,403.53
Swarovski,Cycle Rhodium Plated Crystal Band Ring - Size 17.3 mm  ,,,,,SAR 323.45,323.45
GUESS,9 on mixed earring set  ,,,,,SAR 117.67,117.67
GUESS,Women's Necklace UBN20062  ,,,,,SAR 156.93,156.93
Swarovski,Freedom Rose Gold Plated Necklace with Clear Crystals 5237170  ,,,,,SAR 462.96,462.96
Swarovski,Women's Metal Crystals Bracelet - 5230676  ,,,,,SAR 374.48,374.48
Swarovski,"Women's Symbolic Stud Pierced Earrings, Blue, Rose-gold tone plated  ",4.6 out of 5 stars,4.6,753,753,SAR 347.45,347.45
GUESS,bow top logo drop ear  ,3.9 out of 5 stars,3.9,3,3,SAR 107.76,107.76
Swarovski,"Solitaire Pierced Earrings, White, Rose gold plating  ",4.7 out of 5 stars,4.7,184,184,SAR 235.30,235.3
GUESS,"Flower Bracelet for Women, Gold Plated - UBB51495N  ",1.0 out of 5 stars,1,1,1,,
Swarovski,"Swarovski Women's Tennis Deluxe Jewelry Collection, Rhodium Finish, Rose Gold Finish, Clear Crystals  ",4.7 out of 5 stars,4.7,49,49,SAR 693.02,693.02
Swarovski,Dancing Swan Necklace  ,4.6 out of 5 stars,4.6,120,120,SAR 836.92,836.92
GUESS,"Womens Stainless Steel Fashion Earring - UBE71542N, Color Gold  ",5.0 out of 5 stars,5,1,1,SAR 120.34,120.34
GUESS,Women's Earrings UBE28047  ,3.0 out of 5 stars,3,4,4,SAR 127.43,127.43
Swarovski,Rare Ring  ,4.7 out of 5 stars,4.7,9,9,SAR 304.09,304.09
GUESS,Ladies Bracelet UBB70088-L  ,,,,,SAR 121.06,121.06
GUESS,Ladies Earrings UBE70040  ,,,,,SAR 95.70,95.7
GUESS,"Arm Bracelet for Women, Stainless Steel - UBB51422N  ",,,,,SAR 175.95,175.95
Swarovski,Women’s Rose-Gold Tone Plated White Crystal Attract Pierced Earrings 5509935  ,4.6 out of 5 stars,4.6,258,258,,
Swarovski,Women's White Rose-gold tone plated Lifelong Bangle 5390818  ,4.6 out of 5 stars,4.6,280,280,,
Swarovski,Women's Subtle Bracelet  ,4.7 out of 5 stars,4.7,690,690,SAR 563.73,563.73
GUESS,"Womens Stainless Steel Fashion Necklace - UBN79065, Color Silver, Size 45 cm  ",4.2 out of 5 stars,4.2,4,4,SAR 124.35,124.35
GUESS,Coin UBN79076 Necklace Silver Steel  ,4.3 out of 5 stars,4.3,10,10,SAR 213.20,213.2
GUESS,"Bracelet for Women, UBB71297N  ",4.0 out of 5 stars,4,1,1,,
GUESS,Women's Necklace UBN81105  ,,,,,SAR 293.25,293.25
GUESS,Metal Pendant Necklace for Women - UBN11316N  ,4.1 out of 5 stars,4.1,2,2,SAR 136.68,136.68
Swarovski,"Women's Attract Soul Pierced Earrings, Pink, Rhodium plated  ",4.8 out of 5 stars,4.8,163,163,SAR 343.17,343.17
GUESS,"Womens Stainless Steel Fashion Bracelet - UBB29030-L, Color Silver, Size L  ",4.0 out of 5 stars,4,1,1,SAR 129.00,129
GUESS,"Womens Stainless Steel Fashion Bracelet - UBN29044, Color Silver, Size 16-18 Inches  ",,,,,SAR 137.96,137.96
GUESS,Women's Earrings UBE29013  ,4.4 out of 5 stars,4.4,27,27,SAR 127.43,127.43
Swarovski,"Swarovski Women's Sparkling Dance Jewelry Collection, Rhodium Finish, Green Crystals, Clear Crystals  ",4.6 out of 5 stars,4.6,226,226,SAR 567.63,567.63
Swarovski,"EarringS for Women, 5430365  ",4.7 out of 5 stars,4.7,272,272,SAR 274.12,274.12
GUESS,"Womens Stainless Steel Fashion Bracelet - UBN84059, Color Gold, Size 3.94 inches  ",,,,,SAR 145.22,145.22
Swarovski,"Women's Sparking Dance Crystal Jewelry Collection, Rose Gold Tone Finish  ",4.6 out of 5 stars,4.6,158,158,SAR 489.72,489.72
GUESS,"Extra Large Steel Smooth Hoop Earrings by GUESS, Gold Colored Hoop Earrings  ",,,,,SAR 68.26,68.26
GUESS,Floral Statement Drop Earring with Light Pink Glass Stone  ,,,,,SAR 107.20,107.2
GUESS,Floral Linear Earring Key Charm and Light Pink Colored Glass Stone  ,,,,,SAR 107.17,107.17
GUESS,Linear Drop Earring with Stone  ,,,,,SAR 121.13,121.13
GUESS,Wine Colored Flower Linear Earring with Glass Stone  ,,,,,SAR 107.46,107.46
GUESS,Gold Toned Puffed Heart Charm Hoop  ,,,,,SAR 104.24,104.24
GUESS,Wine Colored Hoop with Heart Charm  ,,,,,SAR 104.24,104.24
GUESS,Floral Heart Toggle Charm Bracelet  ,,,,,SAR 166.90,166.9
GUESS,Edgy Sparking Crystal Colored Glass Stone Statement Necklace  ,,,,,SAR 174.22,174.22
GUESS,Slider and Hinge Bangle Bracelet Set with Glass Stone Accents  ,,,,,SAR 125.69,125.69
GUESS,Edgy Sparking Emerald Colored Glass Stone Statement Necklace  ,,,,,SAR 227.34,227.34
GUESS,Edgy Sparking Siam Colored Glass Stone Statement Necklace  ,,,,,SAR 175.08,175.08
GUESS,Slider and Hinge Bangle Bracelet Set with Glass Stone Accents  ,,,,,SAR 125.69,125.69
GUESS,Glam Rectangle Glass Stone Bangle Bracelet  ,,,,,SAR 127.72,127.72
GUESS,Statement Chandalier with Circular Glass Stoned Cast  ,,,,,SAR 128.17,128.17
GUESS,Sparkling Rhinestone Choker Necklace  ,,,,,SAR 137.32,137.32
GUESS,Siam Baguette Stone and Rhinestone Choker Necklace  ,,,,,SAR 139.31,139.31
GUESS,Glam Rectangle Siam (Red) Glass Stone Bangle Bracelet  ,,,,,SAR 127.92,127.92
GUESS,Fuscia Flower Statement Stretch Ring  ,,,,,SAR 110.81,110.81
GUESS,Red Heart Fringe Dangle Rhinestone Earring  ,,,,,SAR 104.13,104.13
GUESS,Star and Lightning Bolt Linear Drop Earrings  ,,,,,SAR 98.20,98.2
GUESS,Linear Multi Shape Glass Stone Shaped Statement Earrings  ,,,,,SAR 151.09,151.09
GUESS,4 G Guess Logo Earring with Dangling Glass Stone and Plastic Pearl  ,,,,,SAR 99.14,99.14
GUESS,Blue Ombre Chandelier Tassel Earring  ,,,,,SAR 107.50,107.5
GUESS,4 G Guess Logo Earring with Dangling Glass Stone and Plastic Pearl  ,,,,,SAR 98.16,98.16
GUESS,Ombre Rhinestone Drop Earring: Light Green and Dark Green  ,,,,,SAR 107.46,107.46
GUESS,Linear Multi Shape Glass Stone Shaped Statement Earrings  ,,,,,SAR 150.41,150.41
GUESS,Rose Gold Metal Finish Ombre Rhinestone Drop Earring  ,,,,,SAR 108.74,108.74
GUESS,"Ombre Chandelier Tassel Earring: Aquamarine, Purple, Pink, Green  ",,,,,SAR 108.74,108.74
GUESS,Pink Ombre Chandelier Tassel Earring  ,,,,,SAR 108.85,108.85
GUESS,Heart Fringe Dangle Rhinestone Earring  ,,,,,SAR 104.24,104.24
GUESS,Star and Lightning Bolt Linear Drop Earrings  ,,,,,SAR 123.71,123.71
GUESS,Hinged Bangle with Stone Accents  ,,,,,SAR 140.89,140.89
GUESS,Stone Slider Close Duo Bracelet Set  ,,,,,SAR 157.07,157.07
GUESS,Two Row Dramatic Statement Necklace with Stones  ,,,,,SAR 167.40,167.4
GUESS,All Over Stone Choker  ,,,,,SAR 160.68,160.68
GUESS,Stone Long Pendant Necklace  ,,,,,SAR 184.39,184.39
GUESS,Four Row Dainty Necklace Set with Stone Accents  ,,,,,SAR 184.17,184.17
GUESS,Three Row Layered Necklace Including Y Neck  ,,,,,SAR 175.73,175.73
GUESS,Two Row Layered Look Necklace with Stone Accents  ,,,,,SAR 184.32,184.32
GUESS,Two Row Dramatic Statement Necklace with Stones  ,,,,,SAR 167.58,167.58
GUESS,Three Piece Dainty Bracelet Set  ,,,,,SAR 120.64,120.64
GUESS,All Over Stone Choker  ,,,,,SAR 160.26,160.26
GUESS,Fancy Chain Necklace with Multiple Charms  ,,,,,SAR 184.35,184.35
GUESS,Stone Slider Close Duo Bracelet Set  ,,,,,SAR 163.04,163.04
GUESS,Four Row Dainty Necklace Set with Stone Accents  ,,,,,SAR 137.02,137.02
Swarovski,5492249 Gold Plated Remix Collection Bee Strand Women's Bracelet  ,,,,,SAR 308.59,308.59
Swarovski,5511085 Gold-Tone Plated Crystal Remix Collection Swallow Multicolor Strand Women's Bracelet  ,,,,,SAR 347.43,347.43
Swarovski,5450926 Silver Rhodium Plated Louison Pendant Women's Necklace  ,,,,,SAR 519.73,519.73
Swarovski,5459064 Silver Sparkling Dance Key Pendant Rhodium Plated Women's Necklace  ,,,,,SAR 562.90,562.9
GUESS,Stone accented hoop  ,,,,,SAR 107.50,107.5
GUESS,clear stone linear earring  ,,,,,SAR 120.97,120.97
GUESS,Hinged Bangle with Starburst Stone Accents  ,,,,,SAR 154.07,154.07
GUESS,4 Strand Dainty Chain Necklace with Tiny Charms  ,,,,,SAR 149.17,149.17
GUESS,G logo ear with crystal drop  ,,,,,SAR 132.31,132.31
GUESS,6 on rainbow stone mixed ear set  ,,,,,SAR 119.55,119.55
GUESS,Hoop with starburst side detail  ,,,,,SAR 141.01,141.01
GUESS,Mini huggie hoop moon/star drop  ,,,,,SAR 110.69,110.69
GUESS,Paperclip Chain Necklace with Celestial Charms  ,,,,,SAR 110.39,110.39
GUESS,9 on mixed ear set with studs and drops  ,,,,,SAR 126.07,126.07
GUESS,Hoop with dainty pearl drape linear  ,,,,,SAR 132.31,132.31
GUESS,clear stone hoop  ,,,,,SAR 166.77,166.77
GUESS,pave heart shaped hoop  ,,,,,SAR 98.09,98.09
GUESS,3 on mixed ear set with linears and bar stud  ,,,,,SAR 98.16,98.16
GUESS,Faux zebra C hoops with logo  ,,,,,SAR 120.18,120.18
GUESS,"6 on mixed ear set with studs, drops and hoops  ",,,,,SAR 166.84,166.84
GUESS,3 on mixed hoop set  ,,,,,SAR 94.93,94.93
GUESS,Linear heart earring with pearl and crystal accents  ,,,,,SAR 132.30,132.3
GUESS,6 on clear stone mixed ear set  ,,,,,SAR 153.90,153.9
GUESS,Chain fringe linear earring with logo  ,,,,,SAR 153.83,153.83
GUESS,rainbow stone multi chain linear earring  ,,,,,SAR 141.01,141.01
GUESS,rainbow stone hoop  ,,,,,SAR 126.90,126.9
GUESS,Twist Chain Y Necklace with Tassel  ,,,,,SAR 197.04,197.04
GUESS,6 on colored stone mixed ear set  ,,,,,SAR 125.82,125.82
GUESS,Double hoop smooth and textured  ,,,,,SAR 123.74,123.74
GUESS,dainty mini hoop with linear drop  ,,,,,SAR 123.59,123.59
GUESS,Stone accented hoop  ,,,,,SAR 107.47,107.47
GUESS,3 on mixed hoop set  ,,,,,SAR 95.72,95.72
GUESS,6 on colored stone mixed ear set  ,,,,,SAR 125.73,125.73
GUESS,"6 on mixed ear set with studs, drops and hoops  ",,,,,SAR 125.62,125.62
GUESS,rainbow stone wide small hoop  ,,,,,SAR 125.66,125.66
GUESS,rainbow stone linear earring  ,,,,,SAR 119.44,119.44
GUESS,Ear bud drape ear cuff with heart drop  ,,,,,SAR 110.80,110.8
GUESS,Stone accented hoop  ,,,,,SAR 107.39,107.39
GUESS,Rainbow stone drop earring  ,,,,,SAR 166.90,166.9
GUESS,3 on mini hoop set  ,,,,,SAR 140.98,140.98
GUESS,9 on mixed ear set with studs and drops  ,,,,,SAR 126.11,126.11
GUESS,Ladies Earrings UBE70083  ,,,,,SAR 87.38,87.38
GUESS,Ladies Bracelet UBB20070-L  ,,,,,SAR 105.29,105.29
GUESS,Ladies Bracelet UBB70134-L  ,,,,,SAR 107.31,107.31
GUESS,Ladies Earrings UBE20112  ,,,,,SAR 130.81,130.81
GUESS,Ladies Bracelet UBB20068-L  ,,,,,SAR 125.94,125.94
GUESS,Ladies Earrings UBE20137  ,,,,,SAR 126.78,126.78
GUESS,Ladies Bracelet UBB20069-L  ,,,,,SAR 126.81,126.81
GUESS,Ladies Earrings UBE20090  ,,,,,SAR 126.81,126.81
GUESS,Ladies Earrings UBE20062  ,,,,,SAR 146.55,146.55
GUESS,Ladies Bracelet UBB70007-S  ,,,,,SAR 87.94,87.94
GUESS,Ladies Bracelet UBB20100-L  ,,,,,SAR 128.46,128.46
GUESS,Ladies Earrings UBE20138  ,,,,,SAR 126.78,126.78
GUESS,Ladies Earrings UBE20111  ,,,,,SAR 106.19,106.19
GUESS,Ladies Bracelet UBB20103-L  ,,,,,SAR 131.95,131.95
GUESS,Ladies Earrings UBE20063  ,,,,,SAR 146.49,146.49
GUESS,Ladies Bracelet UBB70072-L  ,,,,,SAR 107.25,107.25
GUESS,Ladies Earrings UBE20089  ,,,,,SAR 126.80,126.8
GUESS,Ladies Bracelet UBB20111-L  ,,,,,SAR 127.00,127
GUESS,Ladies Bracelet UBB20136-S  ,,,,,SAR 100.00,100
GUESS,Ladies Bracelet UBB20028-L  ,,,,,SAR 84.77,84.77
GUESS,Ladies Bracelet UBB20134-L  ,,,,,SAR 100.00,100
GUESS,Ladies Bracelet UBB20035-L  ,,,,,SAR 127.00,127
GUESS,Ladies Bracelet UBB20110-L  ,,,,,SAR 127.00,127
GUESS,Ladies Bracelet UBB20027-L  ,,,,,SAR 84.67,84.67
GUESS,Ladies Earrings UBE70041  ,,,,,SAR 103.00,103
GUESS,Earrings UBE79176  ,,,,,SAR 94.28,94.28
GUESS,Earrings UBE70221  ,,,,,SAR 131.00,131
GUESS,Earrings UBE70222  ,,,,,SAR 134.52,134.52
GUESS,Earrings UBE70043  ,,,,,SAR 73.51,73.51
GUESS,Earrings UBE70113  ,,,,,SAR 122.67,122.67
GUESS,Earrings UBE70114  ,,,,,SAR 131.00,131
GUESS,Ladies Necklace UBN85090  ,,,,,SAR 212.60,212.6
GUESS,Ladies Necklace UBN70059  ,,,,,SAR 183.00,183
GUESS,Ladies Bracelet UBB70122-S  ,,,,,SAR 97.04,97.04
GUESS,Ladies Bracelet UBB70057-L  ,,,,,SAR 76.97,76.97
GUESS,Ladies Bracelet UBB70058-L  ,,,,,SAR 103.00,103
GUESS,Ladies Bracelet UBB70088-S  ,,,,,SAR 118.25,118.25
GUESS,Ladies Bracelet UBB70121-S  ,,,,,SAR 88.53,88.53
GUESS,Ladies Bracelet UBB28119-S  ,,,,,SAR 128.29,128.29
GUESS,Ladies Bracelet UBB70124-S  ,,,,,SAR 74.39,74.39
GUESS,Ladies Bracelet UBB70086-L  ,,,,,SAR 94.59,94.59
GUESS,Ladies Bracelet UBB70129-S  ,,,,,SAR 105.69,105.69
GUESS,Ladies Bracelet UBB70005-L  ,,,,,SAR 96.21,96.21
GUESS,Ladies Necklace UBN79154  ,,,,,SAR 151.96,151.96
GUESS,Women's Ring UBR72517N52  ,,,,,,
GUESS,Ladies Bracelet UBB70036-L  ,,,,,SAR 96.26,96.26
GUESS,Multi layered Necklace  ,,,,,SAR 119.81,119.81
GUESS,Quatro G logo pendant necklace  ,5.0 out of 5 stars,5,2,2,SAR 108.33,108.33
GUESS,3 media bracelets  ,,,,,SAR 127.09,127.09
GUESS,3 media bracelets  ,,,,,SAR 83.31,83.31
GUESS,linear logo bar drop  ,,,,,SAR 98.57,98.57
GUESS,Butterfly linear earring  ,,,,,SAR 108.33,108.33
GUESS,Bow drop earring  ,,,,,SAR 80.68,80.68
GUESS,linear logo bar drop  ,,,,,SAR 98.01,98.01
GUESS,Logo post Hoop  ,,,,,SAR 100.86,100.86
GUESS,3 Media Bracelets  ,,,,,SAR 126.64,126.64
GUESS,3 media bracelets  ,5.0 out of 5 stars,5,1,1,SAR 126.71,126.71
GUESS,Multi layered Necklace  ,5.0 out of 5 stars,5,1,1,SAR 126.03,126.03
GUESS,3 Media Bracelets  ,,,,,SAR 127.23,127.23
GUESS,Linear Earring  ,,,,,SAR 103.30,103.3
GUESS,Quatro G Drop  ,3.0 out of 5 stars,3,1,1,SAR 100.15,100.15
GUESS,Museum Hoop  ,,,,,SAR 108.07,108.07
GUESS,Butterfly linear earring  ,5.0 out of 5 stars,5,1,1,SAR 106.60,106.6
GUESS,Quatro G Drop  ,3.8 out of 5 stars,3.8,3,3,SAR 98.16,98.16
GUESS,Stone ring drop Earring  ,,,,,SAR 119.50,119.5
GUESS,3 on mixed hoop set  ,,,,,SAR 121.50,121.5
GUESS,Logo post Hoop  ,,,,,SAR 102.51,102.51
GUESS,Wide Bypass Band with Faux Python  ,,,,,SAR 73.40,73.4
GUESS,Wide Bypass Band with Glitter Paper  ,,,,,SAR 73.03,73.03
GUESS,Braided knot necklace with tassel  ,,,,,SAR 101.01,101.01
GUESS,Wide half open hinge cuff with logo  ,,,,,SAR 105.03,105.03
GUESS,10 Piece Rhinestone Stretch Stack Bracelet  ,4.0 out of 5 stars,4,2,2,,
GUESS,Hinged Cuff with Scattered Stones  ,,,,,SAR 88.52,88.52
GUESS,round link chain with heart & logo charms  ,5.0 out of 5 stars,5,2,2,SAR 97.82,97.82
GUESS,3 piece mixed bangle set  ,,,,,SAR 75.77,75.77
GUESS,10 piece rhinestone stretch stack bracelet  ,,,,,SAR 83.98,83.98
GUESS,Trio hoop ear set  ,,,,,SAR 75.69,75.69
GUESS,large hoops and studs quad ear set  ,,,,,SAR 80.38,80.38
GUESS,textured endless wire hoop  ,1.0 out of 5 stars,1,1,1,SAR 49.14,49.14
GUESS,CZ stud with hoop duo  ,,,,,SAR 72.81,72.81
GUESS,textured endless wire hoop  ,,,,,SAR 80.50,80.5
GUESS,extra large thin band hoop  ,,,,,SAR 67.77,67.77
GUESS,extra large clutchless hoop  ,,,,,SAR 74.49,74.49
GUESS,extra large clutchless hoop  ,5.0 out of 5 stars,5,1,1,SAR 89.31,89.31
GUESS,Oval hoop with glitter paper inside  ,,,,,SAR 79.86,79.86
GUESS,Large clutchless hoop  ,,,,,SAR 69.72,69.72
GUESS,Pulsera UBB70058-S Mujer Acero Dorado  ,,,,,,
GUESS,My Feelings Ubn70045 Choker Stainless Steel Gold Plated Swarovski Star Logo Plate  ,4.5 out of 5 stars,4.5,2,2,SAR 135.43,135.43
GUESS,Women Stainless Steel Ring Size 12  ,,,,,SAR 165.64,165.64
GUESS,Ladies Necklace UBN70025  ,,,,,SAR 131.00,131
GUESS,Pulsera Dream and Love UBB70057-S Acero  ,,,,,SAR 165.64,165.64
GUESS,Women Stainless-Steel Bracelet  ,,,,,SAR 165.64,165.64
GUESS,Pulsera Logo UBB70022-S Acero Plateado  ,,,,,SAR 242.07,242.07
GUESS,Bracelet Guess Heart Romance Ubb70087-S Gold Plated Stainless Steel Balls Swarovski Heart Logo  ,,,,,SAR 237.78,237.78
GUESS,"Jewellery ""Guess is for lovers"" heart earrings with Swarovski  ",1.5 out of 5 stars,1.5,2,2,SAR 165.64,165.64
GUESS,women stainless-steel earrings  ,2.4 out of 5 stars,2.4,3,3,SAR 165.64,165.64
Swarovski,Women's Millenia White Rhodium Finish Dancing Crystal Necklace  ,,,,,SAR 494.82,494.82
GUESS,Logo heart button with chain fringe earring  ,,,,,SAR 108.63,108.63
GUESS,Hoop with flower detail  ,,,,,SAR 90.66,90.66
GUESS,pave disc and heart drop  ,5.0 out of 5 stars,5,1,1,SAR 74.48,74.48
GUESS,Large twisted cable double hoop  ,,,,,SAR 99.81,99.81
GUESS,large double hoop with stones  ,,,,,SAR 107.88,107.88
GUESS,Rhinestone and mesh drop earring  ,,,,,SAR 110.02,110.02
GUESS,Linear ear with stones  ,,,,,SAR 52.44,52.44
GUESS,pave disc and heart drop  ,,,,,SAR 108.71,108.71
GUESS,Braided top linear chain ear  ,,,,,SAR 104.91,104.91
GUESS,Large twisted cable double hoop  ,,,,,SAR 98.65,98.65
GUESS,6 on mixed dainty ear set  ,,,,,SAR 119.92,119.92
GUESS,Quatro G Drop  ,3.0 out of 5 stars,3,1,1,SAR 100.15,100.15
GUESS,Museum Hoop  ,,,,,SAR 108.07,108.07
GUESS,Butterfly linear earring  ,5.0 out of 5 stars,5,1,1,SAR 106.60,106.6
GUESS,Quatro G Drop  ,3.8 out of 5 stars,3.8,3,3,SAR 98.16,98.16
GUESS,Stone ring drop Earring  ,,,,,SAR 119.50,119.5
GUESS,3 on mixed hoop set  ,,,,,SAR 121.50,121.5
GUESS,Logo post Hoop  ,,,,,SAR 102.51,102.51
GUESS,Wide Bypass Band with Faux Python  ,,,,,SAR 73.40,73.4
GUESS,Wide Bypass Band with Glitter Paper  ,,,,,SAR 73.03,73.03
GUESS,Braided knot necklace with tassel  ,,,,,SAR 101.01,101.01
GUESS,Wide half open hinge cuff with logo  ,,,,,SAR 105.03,105.03
GUESS,10 Piece Rhinestone Stretch Stack Bracelet  ,4.0 out of 5 stars,4,2,2,,
GUESS,Hinged Cuff with Scattered Stones  ,,,,,SAR 88.52,88.52
GUESS,round link chain with heart & logo charms  ,5.0 out of 5 stars,5,2,2,SAR 97.82,97.82
GUESS,3 piece mixed bangle set  ,,,,,SAR 75.77,75.77
GUESS,10 piece rhinestone stretch stack bracelet  ,,,,,SAR 83.98,83.98
GUESS,Trio hoop ear set  ,,,,,SAR 75.69,75.69
GUESS,large hoops and studs quad ear set  ,,,,,SAR 80.38,80.38
GUESS,textured endless wire hoop  ,1.0 out of 5 stars,1,1,1,SAR 49.14,49.14
GUESS,CZ stud with hoop duo  ,,,,,SAR 72.81,72.81
GUESS,textured endless wire hoop  ,,,,,SAR 80.50,80.5
GUESS,extra large thin band hoop  ,,,,,SAR 67.77,67.77
GUESS,extra large clutchless hoop  ,,,,,SAR 74.49,74.49
GUESS,extra large clutchless hoop  ,5.0 out of 5 stars,5,1,1,SAR 89.31,89.31
GUESS,Oval hoop with glitter paper inside  ,,,,,SAR 79.86,79.86
GUESS,Large clutchless hoop  ,,,,,SAR 69.72,69.72
GUESS,Pulsera UBB70058-S Mujer Acero Dorado  ,,,,,,
GUESS,My Feelings Ubn70045 Choker Stainless Steel Gold Plated Swarovski Star Logo Plate  ,4.5 out of 5 stars,4.5,2,2,SAR 135.43,135.43
GUESS,Women Stainless Steel Ring Size 12  ,,,,,SAR 165.64,165.64
GUESS,Ladies Necklace UBN70025  ,,,,,SAR 131.00,131
GUESS,Pulsera Dream and Love UBB70057-S Acero  ,,,,,SAR 165.64,165.64
GUESS,Women Stainless-Steel Bracelet  ,,,,,SAR 165.64,165.64
GUESS,Pulsera Logo UBB70022-S Acero Plateado  ,,,,,SAR 242.07,242.07
GUESS,Bracelet Guess Heart Romance Ubb70087-S Gold Plated Stainless Steel Balls Swarovski Heart Logo  ,,,,,SAR 237.78,237.78
GUESS,"Jewellery ""Guess is for lovers"" heart earrings with Swarovski  ",1.5 out of 5 stars,1.5,2,2,SAR 165.64,165.64
GUESS,women stainless-steel earrings  ,2.4 out of 5 stars,2.4,3,3,SAR 165.64,165.64
Swarovski,Women's Millenia White Rhodium Finish Dancing Crystal Necklace  ,,,,,SAR 494.82,494.82
GUESS,Logo heart button with chain fringe earring  ,,,,,SAR 108.63,108.63
GUESS,Hoop with flower detail  ,,,,,SAR 90.66,90.66
GUESS,pave disc and heart drop  ,5.0 out of 5 stars,5,1,1,SAR 74.48,74.48
GUESS,Large twisted cable double hoop  ,,,,,SAR 99.81,99.81
GUESS,large double hoop with stones  ,,,,,SAR 107.88,107.88
GUESS,Rhinestone and mesh drop earring  ,,,,,SAR 110.02,110.02
GUESS,Linear ear with stones  ,,,,,SAR 52.44,52.44
GUESS,pave disc and heart drop  ,,,,,SAR 108.71,108.71
GUESS,Braided top linear chain ear  ,,,,,SAR 104.91,104.91
GUESS,Large twisted cable double hoop  ,,,,,SAR 98.65,98.65
GUESS,6 on mixed dainty ear set  ,,,,,SAR 119.92,119.92
GUESS,Hoop with rhinestone fringe  ,,,,,SAR 102.48,102.48
GUESS,Charmy doorknocker earring  ,3.7 out of 5 stars,3.7,3,3,SAR 100.64,100.64
GUESS,Bead Statement earring  ,,,,,SAR 97.56,97.56
GUESS,Large twist hoop  ,,,,,SAR 82.70,82.7
GUESS,Chandelier stone earring  ,,,,,SAR 101.13,101.13
GUESS,Chandelier stone earring  ,,,,,SAR 97.86,97.86
GUESS,Hoop with rhinestone fringe  ,,,,,SAR 105.18,105.18
GUESS,Stone linear earring  ,5.0 out of 5 stars,5,3,3,SAR 99.81,99.81
GUESS,flower drop linear earring  ,,,,,SAR 105.40,105.4
GUESS,mixed ear set  ,4.0 out of 5 stars,4,2,2,SAR 120.52,120.52
GUESS,multi colored rhinestone chain earring  ,4.0 out of 5 stars,4,1,1,SAR 102.59,102.59
GUESS,Ladies Bracelet UBB20134-S  ,,,,,SAR 84.69,84.69
GUESS,"Womens Non-Precious Metal Earrings Love Butterfly - UBE78014, Color Gold  ",,,,,SAR 140.77,140.77
GUESS,Ladies Earrings UBE20059  ,,,,,SAR 106.18,106.18
GUESS,Ladies Earrings UBE20058  ,,,,,SAR 127.00,127
GUESS,COCKTAIL AND BAND RING DUO  ,,,,,SAR 87.62,87.62
GUESS,LINEAR EARRING WITH STONE HEART DROP  ,1.0 out of 5 stars,1,1,1,SAR 96.74,96.74
GUESS,FRONT HOOP EARRING  ,3.5 out of 5 stars,3.5,2,2,SAR 95.98,95.98
GUESS,BUTTERFLY PAVE HOOP  ,,,,,SAR 52.66,52.66
GUESS,LINEAR EARRING WITH STONE HEART DROP  ,1.0 out of 5 stars,1,1,1,SAR 98.69,98.69
GUESS,BUTTERFLY PAVE HOOP  ,,,,,SAR 75.76,75.76
GUESS,HOOP WITH BUTTERFLIES  ,,,,,SAR 80.65,80.65
GUESS,BUTTERFLY CLICK TOP EAR  ,,,,,SAR 67.17,67.17
GUESS,BUTTERFLY CLICK TOP EAR  ,,,,,SAR 67.17,67.17
GUESS,MUSEUM HOOP WIT STONE HEART DROP  ,5.0 out of 5 stars,5,2,2,SAR 89.35,89.35
GUESS,MUSEUM HOOP WIT STONE HEART DROP  ,,,,,SAR 89.57,89.57
GUESS,LINEAR EARRING WITH STONE HEART DROP  ,,,,,SAR 99.06,99.06
GUESS,MUSEUM HOOP WIT STONE HEART DROP  ,5.0 out of 5 stars,5,1,1,SAR 87.62,87.62
GUESS,MULTI COLORED THREE RING STACKER  ,,,,,SAR 90.29,90.29
GUESS,collar neck with stones  ,5.0 out of 5 stars,5,1,1,SAR 127.19,127.19
GUESS,line bracelet with stone heart  ,5.0 out of 5 stars,5,1,1,SAR 97.60,97.6
GUESS,short heart pendant necklace  ,1.0 out of 5 stars,1,1,1,SAR 92.87,92.87
GUESS,line bracelet with stone heart  ,,,,,SAR 99.10,99.1
GUESS,short heart pendant necklace  ,,,,,SAR 109.71,109.71
GUESS,line bracelet with stone heart  ,,,,,SAR 99.89,99.89
GUESS,Heart necklace  ,2.0 out of 5 stars,2,1,1,SAR 120.67,120.67
GUESS,Ladies Earrings UBE20061  ,1.0 out of 5 stars,1,1,1,SAR 178.00,178
GUESS,Women's Necklace UBN20104  ,,,,,SAR 136.63,136.63
GUESS,Ladies Earrings UBE20114  ,,,,,SAR 185.17,185.17
GUESS,Ladies Earrings UBE20026  ,4.5 out of 5 stars,4.5,2,2,SAR 205.00,205
GUESS,Ladies Earrings UBE20027  ,5.0 out of 5 stars,5,2,2,SAR 205.00,205
GUESS,Ladies Earrings UBE20113  ,,,,,SAR 178.00,178
Swarovski,Treasure Pearls Necklace White Pearl One Size  ,4.6 out of 5 stars,4.6,3,3,SAR 386.23,386.23
Swarovski,"Authentic The Elements Necklace, Blue, Mixed Metal Plating  ",,,,,SAR 563.43,563.43
Swarovski,"Authentic The Elements Bracelet, Red, Gold Plated, Medium  ",,,,,SAR 589.31,589.31
GUESS,Women's Bracelet UBB21207N  ,,,,,,
Swarovski,Treasure Pearl Pierced Earrings White Pearl One Size  ,5.0 out of 5 stars,5,3,3,SAR 308.74,308.74
Swarovski,Sparkling Dance Dial Up Necklace  ,5.0 out of 5 stars,5,2,2,"SAR 1,231.77",1231.77
Swarovski,Tennis Deluxe Mixed Strandage Necklace Silver One Size  ,,,,,SAR 784.70,784.7
Swarovski,"Magic Bracelet, White, Rose-gold tone plated  ",,,,,SAR 395.27,395.27
Swarovski,Sparkling Dance Dial Up Necklace Silver One Size  ,,,,,SAR 654.18,654.18
Swarovski,"Women's Magic Jewelry Collection, Clear Crystals  ",4.0 out of 5 stars,4,1,1,SAR 395.27,395.27
Swarovski,T Bar Y-Necklace Black One Size  ,,,,,SAR 593.74,593.74
Swarovski,Vittore Wide Ring Silver 7  ,3.9 out of 5 stars,3.9,6,6,,
Swarovski,Time Pendant Necklace Gold One Size  ,5.0 out of 5 stars,5,2,2,SAR 563.35,563.35
Swarovski,Tahlia Ring Green 7  ,5.0 out of 5 stars,5,3,3,SAR 291.56,291.56
Swarovski,Time Bracelet Gold One Size  ,3.1 out of 5 stars,3.1,3,3,SAR 503.08,503.08
Swarovski,Tahlia Ring  ,3.7 out of 5 stars,3.7,7,7,SAR 231.14,231.14
Swarovski,Cube Rhodium Plated Crystal Band Ring - Size 17.3 mm  ,,,,,SAR 585.34,585.34
Swarovski,Stainless Steel Drop & Dangle Earrings  ,,,,,SAR 537.87,537.87
Swarovski,Rose Gold Plated Dangle Earring - 5279778  ,,,,,SAR 454.57,454.57
Swarovski,"Vittore Ring, Pear-Shaped White Crystal Stones on a Rhodium Plated Setting, Size 7  ",4.4 out of 5 stars,4.4,42,42,,
Swarovski,"Women's Attract Pear Jewelry Collection, Rhodium Finish, Clear Crystals  ",4.8 out of 5 stars,4.8,130,130,SAR 265.70,265.7
Swarovski,"Women's All Zodiac Symbols Crystal Pendant, Mixed Metal Finish, Clear White Crystal Necklace Jewelry Collection  ",4.4 out of 5 stars,4.4,268,268,SAR 330.23,330.23
Swarovski,Women's Tahlia Collection Earrings  ,4.4 out of 5 stars,4.4,79,79,SAR 450.56,450.56
Swarovski,"Women's Ginger Jewelry Collection, Rose Gold Tone Finish, Clear Crystals  ",4.3 out of 5 stars,4.3,46,46,SAR 516.24,516.24
Swarovski,"Women's Tennis Deluxe Jewelry Collection, Rhodium Finish, Rose Gold Tone Finish, Clear Crystals  ",4.5 out of 5 stars,4.5,110,110,SAR 340.11,340.11
Swarovski,"Women's Subtle Bracelet Jewelry Collection, Clear Crystals, One size, Crystal, Cubic Zirconia,  ",4.8 out of 5 stars,4.8,30,30,SAR 494.34,494.34
Swarovski,"Women's Tennis Bracelet and Earring Collection, Rhodium Finish, Clear Crystals  ",4.4 out of 5 stars,4.4,435,435,SAR 218.27,218.27
Swarovski,"Women's Attract Pear Jewelry Collection, Rhodium Finish, Clear Crystals  ",4.8 out of 5 stars,4.8,45,45,SAR 317.29,317.29
Swarovski,"Women's Angelic Bracelet and Necklace Jewelry Collection, Rhodium Tone Finish, Clear Crystals  ",4.7 out of 5 stars,4.7,187,187,SAR 395.27,395.27
Swarovski,Tennis Deluxe Women's Cluster Stud Pierced Earrings with Dangling Gray Crystal Drop Accents and White Crystals in a Rhodium Plated Setting  ,4.7 out of 5 stars,4.7,75,75,,
Swarovski,Necklace Filled with Stones for Women  ,,,,,SAR 449.00,449
Swarovski,"Women Metal and Crystals Bangle, 4.5 inch - 5032848  ",,,,,SAR 470.63,470.63
Swarovski,"Authentic So Cool Crystal Pearl Charm Necklace, White Crystal, Mixed Plated  ",5.0 out of 5 stars,5,1,1,SAR 650.09,650.09
GUESS,Women's Earrings Selver UBE11201  ,,,,,,
Swarovski,Cuff Earring - 5408225  ,,,,,SAR 392.17,392.17
Swarovski,Magnetic Spider Mixed Plating Earrings 5429953  ,,,,,SAR 273.00,273
Swarovski,Crystal So Cool Cluster Rhodium-Plated Pendant Necklace  ,,,,,SAR 373.25,373.25
GUESS,Ladies Necklace UBN79152  ,,,,,SAR 183.00,183
GUESS,"Womens Stainless Steel Fashion Bracelet - UBN79040, Color Gold, Size 7.87 inches  ",,,,,SAR 85.76,85.76
GUESS,Women's Necklace UBN71262N  ,,,,,,
Swarovski,Women's Rhodium Plated Crystal Pendant Necklace - 5117700  ,,,,,SAR 474.02,474.02
Swarovski,"Women's Palladium Plated Metal Crystal Statement Necklace, 38 cm - 5190040  ",,,,,"SAR 1,117.20",1117.2
Swarovski,"Women's Rhodium Plated Crystal Statement Necklace, 40 cm - 5182020  ",,,,,"SAR 1,230.08",1230.08
Swarovski,Rhodium-Plated Love Earrings 5391764  ,,,,,,
Swarovski,Crystal Slake Fuchsia Ruby Bracelet-Dark Green  ,,,,,SAR 230.00,230
Swarovski,Eden Open Rhodium Plated Crystal Fashion Ring - Size 18.15 mm  ,,,,,SAR 833.21,833.21
Swarovski,Escape Rhodium Plated Crystal Fashion Ring - Size 18.15 mm  ,,,,,SAR 644.72,644.72
Swarovski,Cute Rhodium Plated Crystal Stacking Ring - Size 18.15 mm  ,,,,,SAR 564.02,564.02
Swarovski,Cube Gold Plated Crystal Band Ring - Size 19 mm  ,,,,,SAR 644.44,644.44
Swarovski,Click Rhodium Plated Crystal Band Ring - Size 17.3 mm  ,,,,,SAR 513.92,513.92
Swarovski,Azore Gold Plated Crystal Fashion Ring - Size 18.15 mm  ,,,,,SAR 737.44,737.44
Swarovski,Rarely Rhodium Plated Crystal Fashion Ring - Size 18.15 mm  ,,,,,SAR 922.40,922.4
Swarovski,Creativity Rose Gold Crystal Band Ring - Size 19 mm  ,,,,,SAR 408.24,408.24
Swarovski,Dot Rhodium Plated Crystal Fashion Ring - Size 17.3 mm  ,,,,,SAR 608.97,608.97
Swarovski,Elinor Gold Plated Crystal Fashion Ring - Size 19 mm  ,,,,,SAR 538.65,538.65
Swarovski,Creativity Rose Gold Crystal Band Ring - Size 18.15 mm  ,,,,,SAR 713.12,713.12
GUESS,Logo Power Bracelet UBB79106-S Silver Steel  ,5.0 out of 5 stars,5,1,1,SAR 282.76,282.76
GUESS,earrings UBE79047 pink steel  ,5.0 out of 5 stars,5,2,2,SAR 169.70,169.7
Swarovski,Women Rhodium Plated Earring - 5198690  ,,,,,SAR 362.35,362.35
GUESS,"Bracelet for Women, USB80905  ",,,,,SAR 285.53,285.53
Swarovski,"Women's Infinity Jewelry Collection, Rhodium Finish, Clear Crystals  ",4.6 out of 5 stars,4.6,282,282,SAR 386.90,386.9
Swarovski,"Women's Shell Jewelry Collection, Gold Tone Finish, Red Crystals, Clear Crystals (Amazon Exclusive)  ",4.6 out of 5 stars,4.6,58,58,SAR 222.85,222.85
Swarovski,"Women's Sunshine Jewelry Collection, Rhodium Finish, Blue Crystals, Clear Crystals  ",4.7 out of 5 stars,4.7,178,178,,
Swarovski,"SWAROVSKI Women's Symbolic Jewelry Collection, Rhodium Finish, Multi-Colored Crystals  ",4.8 out of 5 stars,4.8,14,14,SAR 559.47,559.47
Swarovski,"Women's Vittore Earrings Jewelry Collection, Clear Crystals  ",4.4 out of 5 stars,4.4,109,109,,
Swarovski,"Women's Sunshine Ring, Blue, Rhodium plated  ",4.2 out of 5 stars,4.2,12,12,,
Swarovski,"SWAROVSKI Women's Infinity Jewelry Collections, Rhodium Finish, Rose Gold Finish, Clear Crystals  ",4.5 out of 5 stars,4.5,120,120,,
Swarovski,"Women's Sunshine Ring, Blue, Rhodium plated  ",5.0 out of 5 stars,5,3,3,,
GUESS,Women's Bangle UBB28077  ,,,,,SAR 183.00,183
Swarovski,"Rings for Women Size 52, 5347646  ",,,,,SAR 377.63,377.63
Swarovski,"Women's Rhodium Plated Crystal Pendant Necklace - 5349335, Silver/Brown  ",,,,,SAR 576.52,576.52
Swarovski,"Women's Gold Plated Crystal Tanmaniyas Necklace, 38 cm - 5230657, Gold/Clear  ",,,,,SAR 456.37,456.37
Swarovski,"Women's Rose Gold Plated Metal Crystal Collars Necklace, 38 cm - 5272069, Multi Color  ",,,,,SAR 997.52,997.52
GUESS,Women's Bracelet UBB21305N  ,,,,,,
Swarovski,"Women's Rose Gold Plated Metal Crystal Collars Necklace - 5240786, Rose Gold/Clear  ",,,,,SAR 541.99,541.99
GUESS,Women's Earring UBE12204N  ,,,,,SAR 153.00,153
Swarovski,"Women's Rose Gold Plated Metal Crystal Y Necklace - 5278359, Rose Gold/Clear  ",,,,,SAR 663.48,663.48
Swarovski,"Women's Rose Gold Plated Crystal Chain Necklace, 31.12 cm - 5080040, Silver/Rose Gold  ",,,,,SAR 957.39,957.39
GUESS,Women's Necklace UBN71278N  ,,,,,SAR 238.51,238.51
GUESS,Stainless Steel Earring for Women  ,,,,,SAR 361.05,361.05
GUESS,Women's Bracelet UBB12202N  ,,,,,,
GUESS,Women's Necklace UBN51461N  ,,,,,,
GUESS,Necklace for Women - UBN21549N  ,,,,,SAR 162.00,162
GUESS,Women's Bracelet UBB21306N  ,,,,,,
Swarovski,Symbolic Charm Necklace  ,,,,,SAR 478.39,478.39
Swarovski,Tropical Parrot Pierced Earrings  ,1.0 out of 5 stars,1,1,1,SAR 567.89,567.89
Swarovski,Eternal Flower Pendant Necklace  ,5.0 out of 5 stars,5,2,2,SAR 502.96,502.96
Swarovski,Eternal Flower Ring Set  ,4.6 out of 5 stars,4.6,3,3,SAR 654.07,654.07
Swarovski,"Women's Eternal Flower Jewelry Collection, Yellow Crystals, Clear Crystals  ",4.7 out of 5 stars,4.7,277,277,SAR 498.87,498.87
Swarovski,Remix Collection Wishbone Strand Bracelet  ,5.0 out of 5 stars,5,1,1,SAR 283.05,283.05
Swarovski,Eternal Flower Open Ring  ,5.0 out of 5 stars,5,2,2,SAR 534.90,534.9
Swarovski,"SWAROVSKI Women's Sparkling Dance Rainbow Crystal Jewelry Collection, Gold Tone Finish  ",4.9 out of 5 stars,4.9,18,18,SAR 395.23,395.23
Swarovski,"Women's Attract Soul Heart Ring, White, Rhodium plated  ",4.8 out of 5 stars,4.8,31,31,,
Swarovski,"Women's Solitaire Jewelry Collection, Clear Crystals  ",4.7 out of 5 stars,4.7,119,119,SAR 318.00,318
Swarovski,Sparkling Dance Necklace  ,5.0 out of 5 stars,5,1,1,,
Swarovski,Infinity Mini Pierced Earrings White One Size  ,4.6 out of 5 stars,4.6,3,3,SAR 274.34,274.34
Swarovski,"Women's Soul Heart Bangle Collection, Rhodium Finish, Clear Crystals  ",5.0 out of 5 stars,5,3,3,SAR 429.82,429.82
Swarovski,Lifelong Heart Hoop Pierced Earrings  ,5.0 out of 5 stars,5,1,1,SAR 515.61,515.61
Swarovski,Infinity Pierced Earrings  ,5.0 out of 5 stars,5,2,2,SAR 347.49,347.49
Swarovski,Crystal Vertical Infinity Necklace  ,5.0 out of 5 stars,5,2,2,SAR 394.94,394.94
Swarovski,Lifelong Heart Ring Cz White 8  ,,,,,SAR 429.11,429.11
Swarovski,"Infinity Ring, Clear Swarovski Crystals with Matching Crystal Pavé on a Rhodium Finish Setting with Infinity Detail, Size 7, Part of the Swarovski Infinity Collection  ",5.0 out of 5 stars,5,2,2,SAR 308.86,308.86
Swarovski,Lifelong Heart Y-Necklace  ,3.9 out of 5 stars,3.9,3,3,SAR 481.58,481.58
Swarovski,Infinity Necklace  ,4.5 out of 5 stars,4.5,15,15,SAR 373.47,373.47
GUESS,Women Stainless-Steel Zircon Gemstone Pendant Necklace  ,,,,,SAR 216.59,216.59
GUESS,Women Stainless-Steel Pendant Necklace  ,,,,,SAR 182.62,182.62
GUESS,women stainless-steel Zircon gemstone earrings size 6  ,,,,,SAR 182.62,182.62
Swarovski,"Shoe with Flower Light Multi One Size, One Size, Glass,  ",5.0 out of 5 stars,5,8,8,SAR 564.03,564.03
Swarovski,"Dancing Swan Pendant Necklace, Iconic Swarovski Swan Pendant with Clear Swarovski Crystals on a Rhodium Finish Setting, Part of the Swarovski Dancing Swan Collection  ",5.0 out of 5 stars,5,2,2,SAR 480.41,480.41
GUESS,Bijoux Guess UBN29012 Women's Necklace Rhodium-Plated Steel with Bow Pendant and Two Crystals  ,,,,,SAR 116.54,116.54
GUESS,Earrings GUESS UBE29076 woman  ,,,,,SAR 127.43,127.43
Swarovski,Leslie Rose-Gold Tone Plated Bangle 5448835  ,,,,,,
Swarovski,"Crystal Authentic Fit Star Pierced Tassel Earrings, White, Gold Plated - Women's Stone Studded Cocktail and Casual Fancy Jewelry - Elegant Designer Fashion Accessory Gift for Stylish Ladies  ",,,,,SAR 438.61,438.61
Swarovski,"Crystal Authentic Polar Bestiary Pierced Earrings, Multi Colored, Rhodium Plated - Women's Elegant Hypoallergenic Fashion Jewelry - Cocktail and Everyday Fancy Accessory with Crystals  ",,,,,SAR 309.41,309.41
Swarovski,Remix Moon Bracelet Multi-Colored Mixed Metal Plated Large  ,4.0 out of 5 stars,4,1,1,SAR 347.34,347.34
Swarovski,"Crystal Symbolic Clear Star Necklace, Rhodium-Plated  ",4.6 out of 5 stars,4.6,4,4,SAR 359.66,359.66
Swarovski,"Crystal Authentic Polar Bestiary Pendant Necklace, Bp Lmul, Rhodium Plated - Hypoallergenic Fancy Jewelry and Everyday Fashion Accessory - Nickel Free Day to Evening Jewelry for Women  ",4.6 out of 5 stars,4.6,7,7,SAR 416.96,416.96
GUESS,Ladies Bracelet UBB28125-L  ,,,,,SAR 163.05,163.05
Swarovski,"Crystal Authentic Polar Bestiary Pendant Necklace, Bear Lmul, Rhodium Plated - Hypoallergenic Fancy Jewelry and Everyday Fashion Accessory - Nickel Free Day to Evening Jewelry for Women  ",2.9 out of 5 stars,2.9,2,2,SAR 696.81,696.81
Swarovski,"Crystal North White Long Necklace, Rose Gold-Tone  ",1.0 out of 5 stars,1,1,1,SAR 322.74,322.74
Swarovski,"SWAROVSKI Women's Symbolic Star Jewelry Collection, Clear Crystals  ",4.5 out of 5 stars,4.5,112,112,SAR 386.60,386.6
Swarovski,Symbolic Hoop Rose-Gold Tone Plated Earrings 5500642  ,4.4 out of 5 stars,4.4,79,79,,
Swarovski,Women's Sparkling Dance Clover Bangle Bracelet Jewelry Collection  ,4.5 out of 5 stars,4.5,10,10,SAR 503.38,503.38
Swarovski,Power Collection Bracelet 5511699 Violet  ,4.4 out of 5 stars,4.4,11,11,SAR 234.96,234.96
Swarovski,Symbolic Bracelet with Charms  ,5.0 out of 5 stars,5,13,13,SAR 429.82,429.82
Swarovski,Power Collection Bracelet Jet Hematite One Size  ,4.2 out of 5 stars,4.2,9,9,SAR 282.97,282.97
Swarovski,Women's Leather Look Crystal Power Bracelet Collection  ,4.7 out of 5 stars,4.7,7,7,SAR 282.41,282.41
Swarovski,"Women Stainless Steel Statement Bracelet 5512512 ,Black  ",4.5 out of 5 stars,4.5,314,314,,
Swarovski,Nirvana Gold-Plated Ring 5474370  ,5.0 out of 5 stars,5,2,2,,
Swarovski,"Women's Naughty Rose-gold Finish Chandelier Pierced Earrings, Black Crystal, Medium, Crystal,  ",4.7 out of 5 stars,4.7,42,42,SAR 555.12,555.12
Swarovski,Nirvana Stainless Steel Ring 5410311  ,4.5 out of 5 stars,4.5,3,3,,
Swarovski,Dangle Earring - 5373666  ,,,,,SAR 400.98,400.98
Swarovski,Women's Rhodium Plated Jewelry Set - 5034157  ,,,,,SAR 477.17,477.17
Swarovski,"Crystal Authentic Swan Lake Bangle, White, Rhodium Plated, Small - Fancy Diamond Accessory For Women  ",,,,,SAR 736.36,736.36
Swarovski,Iconic Swan Ring White Rhodium Plated 5250744...  ,,,,,SAR 291.49,291.49
Swarovski,Stainless Steel Drop & Dangle Earrings  ,,,,,SAR 364.22,364.22
Swarovski,Women Stainless Steel Chain - 5086154  ,,,,,SAR 667.83,667.83
Swarovski,"Women's Gold Plated Crystal Statement Necklace, 28.58 cm - 5141535  ",,,,,SAR 715.73,715.73
Swarovski,Evade Rhodium Plated Crystal Fashion Ring - Size S  ,,,,,SAR 685.00,685
Swarovski,Even Rhodium Plated Crystal Fashion Ring - Size S  ,,,,,SAR 445.22,445.22
Swarovski,Dynamic Rose Gold Crystal Stacking Ring - Size L  ,,,,,SAR 351.37,351.37
Swarovski,Women Stainless Steel Multi Chain - 5351571  ,,,,,SAR 357.94,357.94
GUESS,Women's Mixed Wristbands - UBB81315  ,5.0 out of 5 stars,5,1,1,SAR 110.03,110.03
Swarovski,Precisely Rose-Gold Tone Plated Earrings 5496488  ,4.8 out of 5 stars,4.8,8,8,,
Swarovski,"Women's Symbolic Star Jewelry Collection, Clear Crystals  ",4.6 out of 5 stars,4.6,5,5,,
Swarovski,"Crystal Naughty Lariat Necklace, Rose Gold-Tone  ",5.0 out of 5 stars,5,1,1,SAR 407.95,407.95
Swarovski,Authentic Sparkling Dance Elegantly Designed Gold Plated MQS Necklace  ,,,,,SAR 481.13,481.13
Swarovski,Crystal Nice Clear Gold-Tone Plated Feather Necklace  ,5.0 out of 5 stars,5,9,9,SAR 395.12,395.12
Swarovski,Attract Square Pendant Necklace Cz White 1 One Size  ,4.6 out of 5 stars,4.6,3,3,SAR 302.06,302.06
Swarovski,Tarot Magic Cushion Stud Pierced Earrings Crystal One Size  ,5.0 out of 5 stars,5,1,1,SAR 231.28,231.28
Swarovski,Attract Round Stud I Pierced Earrings  ,4.3 out of 5 stars,4.3,5,5,SAR 244.15,244.15
Swarovski,"Swarovski Women's Tennis Bracelet and Earring Collection, Rhodium Finish, Clear Crystals  ",4.4 out of 5 stars,4.4,8,8,SAR 225.70,225.7
Swarovski,Attract Square Stud Pierced Earrings  ,4.9 out of 5 stars,4.9,16,16,SAR 265.72,265.72
Swarovski,"Women's Sparkling Dance Round Jewelry Collection, Rhodium Finish, Blue Crystals, Clear Crystals  ",4.7 out of 5 stars,4.7,16,16,SAR 503.08,503.08
GUESS,Women Jewelery Stainless Steel Core Collection - UFN30807  ,,,,,SAR 194.19,194.19
Swarovski,Rhodium Plated Hoop Earring - 5279779  ,,,,,SAR 470.63,470.63
Swarovski,Cupid Gold Plated Crystal Promise Ring - Size L  ,,,,,SAR 670.58,670.58
Swarovski,Gold Plated Metal Hoop Earring - 5230547  ,,,,,SAR 636.59,636.59
Swarovski,Rose Gold Plated Dangle Earring - 5390820  ,,,,,SAR 503.79,503.79
Swarovski,"Women Rose Gold Plated and Crystals Bangle, 2.215 inch - 5153271  ",,,,,SAR 705.51,705.51
Swarovski,Stainless Steel Drop & Dangle Earrings  ,,,,,SAR 697.92,697.92
Swarovski,Gold Plated Dangle Earring - 5402030  ,,,,,SAR 454.43,454.43
Swarovski,Rose Gold Plated Dangle Earring - 5292793  ,,,,,SAR 522.10,522.1
Swarovski,Women's Ruthenium Plated Lakeside Cuff Bracelet - 5400078  ,,,,,SAR 602.79,602.79
Swarovski,Women Metal and Crystals Cuff Bracelet - 5226098  ,,,,,SAR 613.28,613.28
Swarovski,Women Metal and Crystals Bangle - 5202247  ,,,,,SAR 624.60,624.6
Swarovski,Gold Plated Dangle Earring - 5292833  ,,,,,SAR 427.09,427.09
Swarovski,Gold Plated Hoop Earring - 5377984  ,,,,,SAR 720.66,720.66
Swarovski,Click Rhodium Plated Crystal Band Ring - Size 19 mm  ,,,,,SAR 559.13,559.13
Swarovski,Dangle Earring - 5292812  ,,,,,SAR 498.61,498.61
Swarovski,Creativity Rose Gold Crystal Band Ring - Size 18.15 mm  ,,,,,SAR 559.13,559.13
Swarovski,Fresh Rose Gold Crystal Fashion Ring - Size 17.3 mm  ,,,,,SAR 632.35,632.35
Swarovski,Women Metal and Crystals Bangle - 5182116  ,,,,,SAR 552.68,552.68
Swarovski,Gold Plated Hoop Earring - 5278290  ,,,,,SAR 576.52,576.52
Swarovski,"Women Rose Gold Plated and Crystals Bangle, 3.86 inch - 5166256  ",,,,,SAR 851.42,851.42
Swarovski,"Women Rhodium Plated Metal and Crystals Cuff Bracelet, 2.215 inch - 5113522  ",,,,,"SAR 1,219.98",1219.98
Swarovski,"Angelic Pierced Earrings, White, Rhodium plated  ",,,,,SAR 364.70,364.7
Swarovski,"Necklace For Women, 5448612  ",5.0 out of 5 stars,5,8,8,,
GUESS,"Women's Fish Ball Hook Linear Drop, Gold, One Size  ",3.8 out of 5 stars,3.8,5,5,SAR 80.15,80.15
GUESS,"Women's Hoop Earrings, Silver, One Size  ",3.6 out of 5 stars,3.6,8,8,SAR 75.58,75.58
GUESS,"Women's Hoop Gold Earrings, One Size  ",3.4 out of 5 stars,3.4,18,18,SAR 77.34,77.34
Swarovski,"Necklace For Women, 5465281  ",4.8 out of 5 stars,4.8,9,9,,
GUESS,Ladies Bracelet UBB11410  ,4.0 out of 5 stars,4,1,1,SAR 192.72,192.72
GUESS,Ladies Bracelet UBB11411  ,,,,,SAR 196.22,196.22
Swarovski,"Necklace For Women, 5465686  ",3.0 out of 5 stars,3,1,1,,
GUESS,Persuede Me Women's Bracelet - UBB81317  ,,,,,SAR 408.47,408.47
GUESS,Women's Necklace UBN78066  ,,,,,SAR 85.07,85.07
GUESS,Ladies Necklace UBN51463  ,,,,,SAR 246.45,246.45
Swarovski,Crystal Ocean Hoop Earrings  ,3.7 out of 5 stars,3.7,5,5,SAR 286.94,286.94
GUESS,Tropical Paradise Women's Necklace - UBN61004  ,,,,,SAR 320.12,320.12
Swarovski,Women's Ring - 5409183  ,,,,,SAR 561.83,561.83
Swarovski,"Necklace For Women, 5480512  ",4.7 out of 5 stars,4.7,10,10,,
GUESS,Women Metal Bangle Silver and Black Wild At Heart - UBB71208  ,,,,,SAR 166.56,166.56
GUESS,Women Metal Bangle Pink Gold Blossom - UBB61033-S  ,,,,,SAR 178.82,178.82
GUESS,Women Metal Bracelet Gold Heat Wave - UBB11415  ,,,,,SAR 143.19,143.19
GUESS,Men Stainless Steel Bracelet Brown and Silver - UMB21502-S  ,,,,,SAR 119.60,119.6
Swarovski,"Pave Valentine Bead Light Siam, Sapphire, White Opal Color Stainless Steel Becharmed 14 mm-9.30 mm  ",,,,,SAR 154.72,154.72
Swarovski,pave Stopper Bead Black Color Diamond Stainless Steel Becharmed 15 mm-3.30 mm  ,,,,,SAR 91.23,91.23
Swarovski,"Necklace For Women, 5469120  ",3.8 out of 5 stars,3.8,3,3,,
GUESS,"Women's Shaped Hoop with Stones, Gold, One Size  ",,,,,SAR 71.38,71.38
GUESS,"Women's Front Back Clean Cross Linear, Mixed, One Size  ",5.0 out of 5 stars,5,1,1,SAR 73.56,73.56
GUESS,"Women's Silver Hoop Earrings with Stones, One Size  ",,,,,SAR 132.41,132.41
GUESS,"Women's Front Facing Hoop with Stones, Gold, One Size  ",,,,,SAR 80.94,80.94
GUESS,"Women's Button Earrings with Stones, Gold, One Size  ",,,,,SAR 72.99,72.99
GUESS,"Women's Fabric Tassel Drop Earrings, Gold, One Size  ",,,,,SAR 81.01,81.01
GUESS,"Women's Hoop Earrings with Stones, Gold, One Size  ",5.0 out of 5 stars,5,1,1,SAR 106.45,106.45
GUESS,"Women's Tort Earrings, Gold, One Size  ",,,,,SAR 61.14,61.14
Swarovski,"Olive Bangle, Gold Plating 5460990  ",5.0 out of 5 stars,5,2,2,SAR 300.45,300.45
GUESS,"Women's Post Drop Ear with Stones, Silver, One Size  ",,,,,SAR 73.82,73.82
GUESS,"Women's Pendant Neck with Stones, Silver, One Size  ",,,,,SAR 127.99,127.99
Swarovski,Lucky Goddess Shell Pierced Earrings 5451301  ,5.0 out of 5 stars,5,1,1,SAR 524.65,524.65
GUESS,"Women's Wire Hoop Threaded, Silver, One Size  ",,,,,SAR 57.49,57.49
Swarovski,Lucky Goddess Star Necklace 5461784  ,4.2 out of 5 stars,4.2,15,15,SAR 568.26,568.26
Swarovski,"Luckily Necklace, Gold Plating 5448612  ",,,,,SAR 345.42,345.42
GUESS,"Women's Collar Neck with Stones, Silver, One Size  ",,,,,SAR 97.60,97.6
GUESS,"Women's Post Drop with Stones, Silver, One Size  ",,,,,SAR 67.28,67.28
Swarovski,Crystal Lucky Goddess Stud Earrings  ,5.0 out of 5 stars,5,2,2,,
GUESS,"Women's 6 On Multi Earrings Set, Silver, One Size  ",,,,,SAR 81.58,81.58
GUESS,"Women's Rose Gold Hoop Earrings, One Size  ",,,,,SAR 83.27,83.27
Swarovski,Oz Y-Necklace White One Size  ,,,,,SAR 366.62,366.62
Swarovski,"No Regrets Ice Cream Pendant, Gold Plating, 5465294  ",,,,,SAR 279.14,279.14
Swarovski,"Necklace For Women, 5480482  ",5.0 out of 5 stars,5,4,4,,
GUESS,GOLD-TONE LAYERED LARIAT NECKLACE FOR WOMENS 412224C-21  ,,,,,SAR 95.36,95.36
GUESS,GOLD-TONE SPIKEY PENDANT NECKLACE 275107-1  ,,,,,SAR 91.53,91.53
GUESS,womens logo bangle 253294c-21  ,,,,,SAR 72.73,72.73
Swarovski,"EarringS for Women, 5466720  ",4.8 out of 5 stars,4.8,7,7,,
Swarovski,"Originally Pendant, White, Rhodium Plating  ",,,,,SAR 417.85,417.85
Swarovski,"Olive Necklace, Gold Plating 5460987  ",,,,,SAR 551.43,551.43
Swarovski,Crystal Olive Golden Yellow Crystal Pendant Necklace  ,5.0 out of 5 stars,5,2,2,SAR 239.72,239.72
Swarovski,Remix Collection Ladybug Strand Charm Bracelet  ,5.0 out of 5 stars,5,10,10,SAR 347.84,347.84
Swarovski,Sunshine Pendant Yellow/Rhodium Plating One Size  ,4.5 out of 5 stars,4.5,10,10,SAR 481.61,481.61
Swarovski,Sparkling Dance Trilogy Necklace White One Size  ,5.0 out of 5 stars,5,2,2,SAR 434.11,434.11
Swarovski,5480468 Women's Sunshine Crystal Pendant and Earring Set  ,4.8 out of 5 stars,4.8,11,11,SAR 352.21,352.21
Swarovski,"Lifelong Bow Set, White 5470594  ",5.0 out of 5 stars,5,3,3,SAR 562.90,562.9
Swarovski,Sunshine Necklace White/Rhodium Plating One Size  ,5.0 out of 5 stars,5,2,2,SAR 390.92,390.92
GUESS,"Women's Toggle Bracelet, Blue, One Size  ",4.0 out of 5 stars,4,1,1,SAR 105.93,105.93
Swarovski,"One Y Necklace, Multi-Colored 5439313  ",,,,,SAR 460.02,460.02
Swarovski,Sparkling Dance Trilogy Necklace  ,5.0 out of 5 stars,5,3,3,SAR 502.51,502.51
Swarovski,Crystal Yellow Sunshine Necklace and Earring Set  ,4.4 out of 5 stars,4.4,13,13,SAR 438.39,438.39
Swarovski,Iconic Swan Ring Black Rose gold Plated 5366585  ,3.0 out of 5 stars,3,2,2,SAR 265.57,265.57
Swarovski,Sunshine Pendant  ,4.5 out of 5 stars,4.5,12,12,SAR 408.03,408.03
Swarovski,"Necklace For Women, 5459612  ",5.0 out of 5 stars,5,2,2,,
GUESS,Necklace Women UBN85002  ,,,,,SAR 139.54,139.54
GUESS,Necklace Women UBN85005  ,5.0 out of 5 stars,5,1,1,SAR 139.39,139.39
GUESS,UBB28124-L Women's Bangle  ,,,,,SAR 91.43,91.43
GUESS,Bracelet Femmes UBB85094-L  ,,,,,SAR 116.62,116.62
Swarovski,"Necklace For Women, 5465275  ",5.0 out of 5 stars,5,10,10,,
Swarovski,"Swarovski Women's Angelic Crystal Jewelry Collection, Rhodium Finish  ",4.7 out of 5 stars,4.7,211,211,,
Swarovski,Women's Multi-colored Rose-gold tone plated One Stud Pierced Earrings 5446995  ,4.7 out of 5 stars,4.7,60,60,SAR 234.00,234
Swarovski,No Regrets Gold-Plated Ring 5457494  ,5.0 out of 5 stars,5,2,2,,
Swarovski,"Magnetic Necklace, Multi-Colored 5423173  ",,,,,SAR 697.60,697.6
GUESS,Women's 8 mm Hoop with Round CZ Stud Duo Earrings Set  ,4.5 out of 5 stars,4.5,27,27,SAR 81.91,81.91
GUESS,"Women's Trio Ring Set, Gold, One Size  ",4.3 out of 5 stars,4.3,12,12,SAR 92.46,92.46
GUESS,"Women's Short Necklace with Logo, Silver, One Size  ",4.0 out of 5 stars,4,24,24,SAR 108.11,108.11
GUESS,UBN71207 Women's Necklace Metal Silver/Black  ,,,,,SAR 233.55,233.55
Swarovski,Crystal Louison White Rhodium-Plated Layered Strand Necklace  ,3.0 out of 5 stars,3,1,1,"SAR 1,863.09",1863.09
GUESS,Women Stud Earrings UBE28068  ,5.0 out of 5 stars,5,2,2,SAR 127.43,127.43
GUESS,Women Stud Earrings UBE28063  ,4.1 out of 5 stars,4.1,12,12,SAR 127.43,127.43
GUESS,Women's Necklace UBN28008  ,,,,,SAR 137.14,137.14
GUESS,Women's Necklace UBN28007  ,4.6 out of 5 stars,4.6,3,3,SAR 131.17,131.17
GUESS,Women's Necklace UBN28065  ,,,,,SAR 183.38,183.38
GUESS,Women Chain Necklace UBN28013  ,4.5 out of 5 stars,4.5,21,21,SAR 99.84,99.84
Swarovski,Authentic Iconic Swan Pendant White Crystal Rose Gold Plated  ,,,,,SAR 368.89,368.89
Swarovski,"Ring for Women Size 55, 5448774  ",,,,,SAR 614.98,614.98
Swarovski,"5414993 Lane Bracelet, Black, Rose Gold Plating  ",,,,,SAR 649.94,649.94
Swarovski,"Necklace For Women, 5451992  ",5.0 out of 5 stars,5,6,6,,
Swarovski,Magnetic Hoop Gold-Tone Plated Earrings 5426604  ,5.0 out of 5 stars,5,1,1,,
GUESS,Women's Bracelet UBB71203N  ,,,,,,
GUESS,Women's Bracelet UBB12228N  ,,,,,,
Swarovski,Crystal Duo Evil Eye Rose Gold-Tone Pendant  ,3.6 out of 5 stars,3.6,12,12,SAR 434.15,434.15
Swarovski,Duo Moon Necklace - 5429737  ,4.5 out of 5 stars,4.5,12,12,SAR 373.66,373.66
Swarovski,"Necklace For Women, 5423184  ",4.7 out of 5 stars,4.7,22,22,,
Swarovski,Earrings Swarovski pendant 5410410 women crystal  ,4.7 out of 5 stars,4.7,22,22,SAR 659.00,659
Swarovski,"Necklace For Women, 5412408  ",5.0 out of 5 stars,5,1,1,SAR 322.67,322.67
Swarovski,"Women Stainless Steel Pendant Necklace 5423173, Multicolour  ",4.3 out of 5 stars,4.3,5,5,,
Swarovski,Women’s Rhodium Plated White Crystal Magic Pendant 5428432  ,4.7 out of 5 stars,4.7,231,231,SAR 420.97,420.97
Swarovski,Women Stainless Steel Collar Necklace 5419235  ,4.9 out of 5 stars,4.9,17,17,SAR 790.00,790
Swarovski,Women's White Rhodium plated Louison Pierced Earrings 5409732  ,4.6 out of 5 stars,4.6,68,68,SAR 455.14,455.14
Swarovski,"EarringS for Women, 5419245  ",4.6 out of 5 stars,4.6,43,43,,
Swarovski,"arm Bracelet for Women, 5422684  ",5.0 out of 5 stars,5,6,6,,
Swarovski,"EarringS for Women, 5447058  ",4.8 out of 5 stars,4.8,11,11,,
GUESS,"Women's Hoop Earrings With Inside Ring, Rose Gold, One Size  ",3.9 out of 5 stars,3.9,10,10,SAR 69.05,69.05
GUESS,"Metal Hoops Women's Ig Hoop Earrings, Gold, One Size  ",1.0 out of 5 stars,1,1,1,SAR 97.82,97.82
GUESS,"Metal Hoops Women's Ir Hoop Earrings, Silver, One Size  ",4.7 out of 5 stars,4.7,7,7,SAR 97.90,97.9
Swarovski,Crystal Disk Plated Large Pendant Necklace  ,,,,,SAR 610.73,610.73
Swarovski,"Women's Rhodium Plated Crystal Statement Necklace, 38 cm - 5397240  ",,,,,SAR 695.11,695.11
GUESS,Women Stainless-Steel Zircon Gemstone Wedding-Bands Size 6  ,,,,,SAR 182.62,182.62
GUESS,Necklace Women UBN85003  ,,,,,SAR 165.52,165.52
GUESS,Necklace Women UBN85008  ,,,,,SAR 165.96,165.96
GUESS,Earrings Women UBE85041  ,,,,,SAR 111.42,111.42
GUESS,women's Necklace UBN85004  ,,,,,SAR 165.96,165.96
Swarovski,Lemon Mixed Plated Ring Set 5372611  ,,,,,,
GUESS,Woman No metal type Another way Not a gemstone Necklace UBN85089  ,5.0 out of 5 stars,5,1,1,SAR 280.33,280.33
GUESS,Jewellery Ladies Gold Plated Influencer Earrings UBE85040  ,,,,,SAR 114.83,114.83
Swarovski,Crystal Stone Rhodium-Plated Hoop Earrings  ,5.0 out of 5 stars,5,14,14,SAR 389.61,389.61
Swarovski,"Lisabel Necklace, Small, White, Gold plating 5365641  ",5.0 out of 5 stars,5,3,3,SAR 437.81,437.81
Swarovski,Remix Happy Rose-Gold Tone Plated Bracelet 5423171  ,4.7 out of 5 stars,4.7,3,3,,
Swarovski,"Ring for Women Size 50, 5412071  ",5.0 out of 5 stars,5,3,3,SAR 493.04,493.04
Swarovski,"Ring for Women Size 52, 5402449  ",4.7 out of 5 stars,4.7,4,4,SAR 493.04,493.04
Swarovski,Women's Rhodium Plated Crystal Pendant Necklace - 5300330  ,,,,,SAR 524.67,524.67
Swarovski,Luckily Evil Eye Rhodium-Plated Earrings 5377741  ,4.2 out of 5 stars,4.2,23,23,,
Swarovski,Necklace 5408434 Silver Woman Love  ,5.0 out of 5 stars,5,2,2,SAR 347.80,347.8
Swarovski,Crystal Lifelong Rose Gold-Tone Bracelet  ,4.7 out of 5 stars,4.7,62,62,SAR 567.85,567.85
Swarovski,"Stone Round Pendant, Blue, Rose Gold Plating  ",,,,,SAR 429.14,429.14
GUESS,Womens Pave Framed Heart Toggle Necklace with 4 G Logo Silver/Gold/Crystal One Size  ,4.1 out of 5 stars,4.1,14,14,SAR 88.60,88.6
Swarovski,"Women's Stainless Steel Crystal Collars Necklace, 23.82 cm - 5077499  ",,,,,"SAR 1,344.11",1344.11
Swarovski,"EarringS for Women, 5364807  ",5.0 out of 5 stars,5,2,2,SAR 408.72,408.72
Swarovski,"Ring for Women Size 52, 5366582  ",,,,,SAR 420.65,420.65
GUESS,Women's Necklace UBN84058  ,,,,,SAR 110.00,110
GUESS,Midnight Glam Ketting UBN84046 (50.00 cm)  ,5.0 out of 5 stars,5,1,1,SAR 343.93,343.93
Swarovski,Crystal White Letter C Rhodium Plated Pendant Necklace  ,,,,,SAR 334.67,334.67
Swarovski,"(white, crystal, onesize) - Angelic Square Earrings 5368146  ",4.6 out of 5 stars,4.6,14,14,SAR 241.26,241.26
Swarovski,Angelic Square Blue Earrings 5352048  ,4.5 out of 5 stars,4.5,27,27,,
Swarovski,Crystal Multi-Colored Hint Rose Gold-Plated Earrings  ,5.0 out of 5 stars,5,1,1,SAR 347.80,347.8
Swarovski,Women's White Rose-gold tone plated Hollow Pendant 5289495  ,4.5 out of 5 stars,4.5,25,25,,
Swarovski,Iconic Swan Bracelet Multi/Rose Gold/Black/Clear Crystal MD  ,5.0 out of 5 stars,5,24,24,SAR 395.35,395.35
Swarovski,Swan Lake Bracelet  ,,,,,SAR 568.03,568.03
Swarovski,"Necklace For Women, 5172560  ",4.9 out of 5 stars,4.9,21,21,SAR 433.87,433.87
GUESS,Women Jewelery Stainless Steel Core Collection - UBB83008-S  ,,,,,SAR 370.54,370.54
Swarovski,Generation Rhodium Plated Necklace & Earrings Set 5255523  ,4.4 out of 5 stars,4.4,12,12,,
Swarovski,Women's Necklace - 5252008  ,5.0 out of 5 stars,5,1,1,"SAR 1,036.38",1036.38
GUESS,womens Brass Ring  ,5.0 out of 5 stars,5,1,1,SAR 208.06,208.06
Swarovski,women's Rings 5 cm - 5264815  ,,,,,SAR 521.74,521.74
GUESS,Women Jewelery Stainless Steel Core Collection - UBN83105  ,,,,,SAR 370.15,370.15
GUESS,Silver Hoop Earrings  ,3.9 out of 5 stars,3.9,101,101,,
Swarovski,Generation Blue Rhodium Plated Pendant  ,,,,,SAR 308.67,308.67
Swarovski,"Ring for Women Size 58, 5295001  ",,,,,SAR 406.36,406.36
Swarovski,Globe Y Necklace - White - 5278359  ,,,,,SAR 546.38,546.38
Swarovski,Women Rhodium Plated Earring - 5279777  ,,,,,SAR 433.73,433.73
GUESS,Women Jewelery Stainless Steel Core Collection - UBR51420-54  ,3.0 out of 5 stars,3,1,1,SAR 173.70,173.7
Swarovski,"Jewelry Glowing Moon Necklace, Black  ",4.5 out of 5 stars,4.5,31,31,SAR 394.94,394.94
GUESS,Womens Figure 8 Choker and Pave Circle Necklace Set  ,4.2 out of 5 stars,4.2,9,9,SAR 85.15,85.15
Swarovski,Grey Emily Bracelet  ,5.0 out of 5 stars,5,1,1,SAR 692.80,692.8
GUESS,Womens Triple Wire Clutchless Hoop Earrings  ,4.1 out of 5 stars,4.1,74,74,SAR 74.31,74.31
Swarovski,Further Bangle - 5224975  ,,,,,SAR 616.14,616.14
Swarovski,Fine Bangle - 5230668  ,,,,,SAR 421.23,421.23
GUESS,Braided Silver Hoop Earrings  ,4.2 out of 5 stars,4.2,28,28,SAR 69.28,69.28
GUESS,Large Oval Glitter Hoop Earrings  ,4.3 out of 5 stars,4.3,"1,887",1887,SAR 83.08,83.08
GUESS,"Glitter and Stone Bypass Wrap Hematite Ring, Size 7  ",3.6 out of 5 stars,3.6,37,37,SAR 76.26,76.26
Swarovski,Women's Necklace - 5225831 (Silver/Purple)  ,5.0 out of 5 stars,5,1,1,SAR 615.19,615.19
Swarovski,Folio Pendant - 5225834  ,,,,,SAR 615.19,615.19
Swarovski,Women's Palladium Plated Metal Crystal Pendant Necklace 75 cm - 5222341  ,5.0 out of 5 stars,5,3,3,"SAR 1,247.79",1247.79
GUESS,"Basic Criss Cross with Stones Ring, Size 7  ",3.6 out of 5 stars,3.6,6,6,SAR 71.18,71.18
GUESS,Women Jewelery Stainless Steel Core Collection - UBN51404  ,,,,,SAR 193.05,193.05
Swarovski,Stardust Fuchsia Double Bracelet 5089833-M - Medium  ,5.0 out of 5 stars,5,2,2,SAR 178.99,178.99
Swarovski,Women's Necklace 5139554  ,5.0 out of 5 stars,5,2,2,SAR 387.77,387.77
Swarovski,"Cypress Ring, Rhodium Plated  ",,,,,SAR 462.85,462.85
Swarovski,Crystal Rose Gold-Plated Solitaire Earrings  ,,,,,SAR 246.32,246.32
Swarovski,5118813 Swarovski Cupid Rose Pendant  ,,,,,SAR 462.96,462.96
Swarovski,Case 5120620 Padlock Design Pendant w/ Clear Crystal Pave Necklace  ,4.8 out of 5 stars,4.8,14,14,SAR 244.22,244.22
Swarovski,Cadmia Heart Pendant - 5117701  ,,,,,SAR 462.90,462.9
GUESS,Twist Hoop Earrings  ,4.3 out of 5 stars,4.3,43,43,SAR 71.94,71.94
GUESS,Women Metal Bangle Silver and Black Glamazon - UBB81330  ,,,,,SAR 178.39,178.39
GUESS,Women Jewelery Stainless Steel Core Collection - UBN51437  ,,,,,SAR 288.48,288.48
Swarovski,Stardust Fuchsia Double Wrap Bracelet 5089833  ,4.6 out of 5 stars,4.6,26,26,SAR 157.88,157.88
Swarovski,Stardust Fuchsia Ladies Bracelet 5092091  ,4.5 out of 5 stars,4.5,46,46,SAR 124.19,124.19
GUESS,Ladies Necklace UBN51464  ,,,,,SAR 248.26,248.26
GUESS,Basic Large Endless Hoop Earrings  ,4.1 out of 5 stars,4.1,165,165,SAR 80.57,80.57
GUESS,"""Basic"" Look of 4 Band with Stones Ring, Size 7  ",3.3 out of 5 stars,3.3,3,3,SAR 73.22,73.22
Swarovski,Bound Necklace - 5080040  ,,,,,SAR 793.36,793.36
Swarovski,"Anello da donna Rare, parzialmente placcato oro con vetro bianco 5032899, lega metallica, 17, colore: Oro rosa, cod. 5032901  ",,,,,,
GUESS,Uptown Girl Women's Bracelet - UBB11486  ,5.0 out of 5 stars,5,1,1,SAR 356.20,356.2
Swarovski,"EarringS for Women, 976061  ",3.7 out of 5 stars,3.7,4,4,SAR 391.68,391.68
GUESS,7 Piece Textured Bangle Bracelet  ,4.2 out of 5 stars,4.2,16,16,SAR 84.73,84.73
Swarovski,5055515 Women's Astrid Silver Rhodium Plated Pendant  ,,,,,SAR 543.85,543.85
Swarovski,"SWAROVSKI Women's Stone Bangle Bracelet Collection, Rhodium Finish, Clear Crystals  ",4.4 out of 5 stars,4.4,33,33,SAR 559.36,559.36
GUESS,Women's Diamond Cut Hoop Earring  ,4.3 out of 5 stars,4.3,149,149,SAR 87.13,87.13
GUESS,"""Basic"" Curved Stick Front/Back Linear Drop Earrings  ",3.8 out of 5 stars,3.8,34,34,SAR 88.11,88.11
GUESS,Women's Woven Chain Know Lariat 32 Necklace inch  ,4.3 out of 5 stars,4.3,16,16,SAR 100.45,100.45
Swarovski,Women's White Rose-gold tone plated Stone Bangle 5032850  ,4.8 out of 5 stars,4.8,27,27,SAR 520.71,520.71
GUESS,"""Basic"" Silver Framed Heart Logo Pendant Necklace, 18"" + 2"" Extender, One Size, Metal, na,  ",4.5 out of 5 stars,4.5,28,28,SAR 89.91,89.91
GUESS,Womens Flat Chain Linear Earring  ,4.6 out of 5 stars,4.6,19,19,SAR 84.20,84.2
Swarovski,"Rare Ring, Rose Gold-Plated  ",5.0 out of 5 stars,5,2,2,SAR 218.12,218.12
GUESS,Persuede Me Women's Bracelet - UBB81319  ,4.5 out of 5 stars,4.5,2,2,SAR 242.95,242.95
GUESS,Womens Double Teardrop Wire Hoop Earring  ,3.1 out of 5 stars,3.1,15,15,SAR 69.46,69.46
GUESS,Womens Small Wide Hoop Earring  ,1.5 out of 5 stars,1.5,3,3,SAR 70.66,70.66
GUESS,Women's Stainless Steel Charm Bracelet  ,,,,,SAR 195.73,195.73
GUESS,Ladies Bracelet Pave Heart Collection UBB71218  ,,,,,SAR 222.33,222.33
GUESS,Women's Stainless Steel Rhodium-Plated White Fabric Tone Heart Zirconia Necklace  ,5.0 out of 5 stars,5,4,4,SAR 195.73,195.73
GUESS,Ladies Leather Wrap Bracelet With Ring Charm UBB71240  ,,,,,SAR 296.16,296.16
GUESS,Bracelet UBB11211  ,,,,,SAR 231.11,231.11
GUESS,Necklace UBN80804  ,,,,,SAR 219.40,219.4
GUESS,Jewelry Set in Stone UBN11307 Womens Pendant With crystals  ,4.8 out of 5 stars,4.8,9,9,SAR 304.73,304.73
GUESS,Women Wrap bracelet leather orange/pink UBB21309  ,4.8 out of 5 stars,4.8,3,3,SAR 148.61,148.61
Swarovski,"1121066 Women's Ring Metal with Swarovski Crystal, Size: N (Manufacturer size: 55)  ",2.8 out of 5 stars,2.8,4,4,,
GUESS,Basic Extra-Large Thin Hoop Earrings  ,4.4 out of 5 stars,4.4,43,43,SAR 73.74,73.74
GUESS,Stolen Hearts Women's Necklace - UBN71221  ,,,,,SAR 349.01,349.01
GUESS,Women's Bracelet UBB71244  ,5.0 out of 5 stars,5,1,1,SAR 197.42,197.42
GUESS,"Dangle Earrings for Women, Stainless Steel - UBE21202  ",5.0 out of 5 stars,5,2,2,SAR 102.72,102.72
GUESS,Women Jewelery Stainless Steel Core Collection - UBR41202-S  ,,,,,SAR 182.23,182.23
